SMILES,log-likelihood
[C@H]1([C@@H](C(=O)N2C(C(=O)N[C@@H]([C@@H]21)c1ccc(cc1)O)(C)C)O)NS(=O)(=O)C,0.28605068967488134
C(C(O)=O)(NC([C@@H]1N2[C@H](C(=O)O)[C@@H](SC12)c1ccc(cc1)N)=O)(C)C,0.3850516802733223
O=C(N[C@H]1[C@@H](O)[C@H](O)[C@@H](N2C([C@@H]2c2ccc(cc2)O)=O)C1=O)NC(C)C,0.32169672578203035
c1c([C@@]2([C@@H]([C@@H]([C@H]3SC(=O)NC3=O)N2C(C)C)NC(=O)[CH2-])O)ccc(O)c1,0.37834384248571135
O=C([C@@H]1[C@@H]([C@H]([C@@H](O)[C@@H]2N1C(=O)[C@@H](C)N2)C)NC(=O)c1ccc(O)cc1)O,0.18101153455983876
C[C@@H]1[C@@H]([C@@H]2[C@H](C(=O)N2[C@@H](c2ccc(cc2)O)C(=O)NC(=O)C)N1)O,0.31832034067243753
OC1([C@@H](S)[C@H]([C@@H](C)N1C(=O)[C@@H]1C(=O)NC1=O)NC)c1ccc(O)cc1,0.3597138392339829
O=[N+](c1ccc(cc1)[C@@H]1C(NC(C(=O)N)[C@@H]2[C@@H](S)C(N21)=O)(C(O)=O)C)OC,0.38233811385959243
c1c(ccc(c1)[C@@H]1[C@H]([C@@H]2[C@H]([C@H](C)S2)NC(=O)N(C)C)C(=O)N1)C(O)=O,0.28441869048036283
C1[C@@H]2[C@H](NC(=O)[C@H]2N1C(=O)[C@H](NC(=O)c1ccc(cc1)S(=O)(O)=O)C)C(O)(C)C,0.3958322121896495
c1(ccc(cc1)S(=O)(=O)C)[C@@]1(NC([C@@H]2[C@@H]1[C@@H](O)C(=O)N2C)=O)C(=O)NC,0.34502852238447396
[C@@H]1(O)[C@@H]([C@@H]([C@H]([C@H]([C@H]1O)N1C(=O)NC(=O)C1=O)c1ccc(cc1)O)NC)C,0.2868873684491219
C1(=O)NC(=O)[C@@H](N1C)[C@H]1[C@H]([C@H](O)[C@H](C)S1)NC(=O)c1ccc(cc1)O,0.33319740146058724
C1(NC([C@@H]2[C@@H]1[C@H]([C@H](O)[C@H]2N(C(=O)c1ccc(cc1)O)C)C)=O)=O,0.2431491166178222
NC([C@@H]1[C@@H]([C@@H]2N1C(=O)[C@@H](C2=O)NC(=O)C)Sc1ccc(cc1)O)(C)O,0.29668414812110094
c1c(ccc(c1)C(=O)N)[C@@H]1N2C([C@@H](O)[C@@H]([C@H]2SC1(C)C)C(NO)=O)=O,0.26446657082549496
[C@@]12(C)S[C@H]([C@H]([C@@H]1NC(=O)C)N(C2=O)C(=O)N)c1ccc(O)cc1,0.3519504936986788
[C@@H]1([C@H]([C@@H]([C@H]([C@H](O)[C@H]1N1C(=O)NC(=O)NC1=O)C)c1ccc(cc1)O)C)O,0.19285882853876904
O=C1N[C@@H]2C(N[C@H](C(O)=O)[C@@H](C)N2[C@H]1C(=O)c1ccc(cc1)O)(C)S,0.36083780146978506
C1(NC([C@@H]2[C@@H]([C@@H]([C@@H]1O)N2C(=O)C)SC(C)(C(N)=O)c1ccc(O)cc1)=O)=O,0.36414741047693006
O=C1NC([C@H]2[C@@H](S)[C@H]([C@@H](O)[C@H](O)C)C(N21)=O)(NC(=O)c1ccc(cc1)C)C,0.343119600045245
O=C1N[C@H](C(N[C@@H]2C(=O)N([C@@H]([C@H]21)S)C(O)=O)(C)C)c1ccc(cc1)O,0.3175869586857209
c1cc(ccc1C(=O)N[C@@H]1[C@@H]([C@@H]([C@@H](O)[C@H]1O)N1C(=O)C(C)(C)NC1=O)S)C,0.23036530726140955
CC([C@@H]1[C@@H]2[C@H]([C@H](N1C(=O)c1ccc(cc1)O)C(=O)N2)S(=O)(=O)C)(NC)C(O)=O,0.28786772473042405
c1([C@H]2[C@@H]([C@@H]([C@H]3N2C(=O)[C@@H](O)[C@@H]3C(=O)NC)C)O)ccc(cc1)C(=O)N,0.22955523123746724
C1([C@@H]([C@@H]([C@@H](c2ccc(O)cc2)O)N2C(=O)[C@@H](NC(=O)[C@@H]21)C)NC)=O,0.23374177743830843
C1(=O)NC([C@@H]2[C@H]([C@@H]([C@@H]([C@@H](O)[C@H]2O)N1C(=O)c1ccc(cc1)O)C)NC)=O,0.2199237987601208
O=C([C@@H]1[C@@H](C(=O)N2[C@@H](c3ccc(cc3)O)C(N[C@@H](C)C)(C2=O)S1)O)N,0.27916731594684097
N([C@@H](C(=O)O)C)[C@@H]1[C@@H]2[C@H]([C@@H](c3ccc(cc3)O)N(C)C2=O)S(=O)(NC1=O)=O,0.3078621402773602
N(C(=O)[C@@H]1[C@H](O)[C@@H]2[C@@H](C(=O)N2C1=O)N)[C@H](C)c1ccc(SC)cc1,0.3035952820923035
C1(NC(=O)N(C1=O)[C@H]1[C@H]([C@@H](O)[C@H]([C@@H]1O)O)C(Nc1ccc(C)cc1)=O)(C)C,0.3201555774948988
C1(N[C@H]([C@@H]([C@H](O)[C@@H]1O)N1C(=O)C(C)(C)NC1=O)c1ccc(S)cc1)=O,0.2599203631513516
N1[C@H]([C@H]([C@@H]([C@H]1S(=O)(=O)c1ccc(O)cc1)N)N1C(C(C)(C)C1=O)=O)C(=O)O,0.22068976544731456
N([C@@H]1[C@@H](C(=O)O)N2C(C(C2=O)(C)N)=O)[C@@H]([C@H]1Sc1ccc(O)cc1)C,0.26809352648424406
CC1N[C@@H]([C@@H]([C@@H]1O)N1C(=O)[C@@H]([C@H]1c1ccc(cc1)O)NC(C)=O)C(=O)O,0.3011695124383096
c1(C(NC([C@@H]2[C@@H]3[C@@H]([C@@H](O)[C@@H](C)O3)C(N2C)=O)=O)C(=O)N)ccc(cc1)O,0.2674978549430039
c1(ccc(cc1)C(=O)N)N1C(=O)[C@@H](NC([C@@H]2C(C)(S[C@H]2[C@H]1O)C)=O)O,0.31970417753772307
c1cc([C@@]2(C)[C@@H]3[C@@H]([C@H](O)[C@H](N3C(=O)[C@@H]2C(=O)O)C(=O)NC)NC)ccc1OC,0.30364705875261905
c1(ccc(cc1)C(N)=O)[C@@H]1[C@@H]([C@@H](O)N2C([C@@H](NC(=O)C)[C@@H](O)[C@@H]21)=O)C,0.3127659343540578
c1cc(ccc1[C@@H]1[C@@H]([C@@H]([C@@H]([C@@H]([C@@H]1O)NC(=O)C)N1C(NC1=O)=O)O)O)C,0.22233385793484023
C1(C(NC([C@@H]2[C@@H](O)[C@@H](C)N(C(=O)c3ccc(O)cc3)[C@@H]21)=O)=O)(SC)N,0.33723941901284543
O=C1N[C@@H]([C@@H]([C@@H]1O)O)C(=O)N1[C@@H](C)SC([C@@]1(c1ccc(cc1)C)N)=O,0.29643046781543786
c1c(ccc(c1)NC(=O)[C@@H]1[C@@H]([C@@H]([C@@H](O)[C@H]2N1C(C(C)(C)N2)=O)C(=O)O)S)C,0.25565421080443895
[C@@H]1([C@@H]2[C@@H]([C@@H]([C@H](c3ccc(cc3)O)N2C(=O)[C@H]1NC(=O)C)C)O)NC(C)=O,0.26789188740544106
[C@@H]1(C(=O)O)N2C([C@@H]([C@H](NC(c3ccc(O)cc3)=O)[C@@H]2SC1(C)C)N)=O,0.22437635791989408
C(N[C@@H]1C(=O)N([C@@H]2[C@@H](O)[C@H]([C@@H]21)O)C(C)=O)(c1ccc(cc1)C)=O,0.28464729119102566
c1c(ccc(c1)O)[C@@H]1[C@@H](C(=O)O)N2C([C@@H](NC(=O)[C@H]2N)[C@@H]1SC(C)(C)C)=O,0.2509118895909016
O=C(N[C@@H]1C(=O)N2[C@H](C(=O)O)[C@H](C)[C@@H](O)[C@@H]21)N[C@H](c1ccc(O)cc1)C,0.2648874849211181
N1C([C@@H]([C@@H]([C@@]2(SC(C)(C)S2(=O)=O)O)NC(=O)c2ccc(O)cc2)C1=O)=O,0.38712499433465025
c1(ccc(S(=O)(N)=O)cc1)[C@@H](NC([C@@H]1C2([C@@H]([C@H](C)O)N2C1=O)C)=O)C(=O)O,0.3222629236078768
c1c(S(=O)(=O)N)ccc(c1)[C@]1(C)NC(=O)[C@@H]2N1C(C(C)[C@@H]2[C@@H](C(O)=O)O)=O,0.3425050614642585
c1(ccc(cc1)[C@H]1NC([C@H]([C@H]2[C@@H]1C(N2C)=O)NC(=O)[C@@H](O)C)=O)O,0.2985321649037246
c1(ccc(cc1)[C@@H]1C(NC([C@@H]2N1C(C(C)(O)[C@H]2C(O)=O)=O)=O)S)NC,0.37798002312787254
C([C@@H]1[C@@H](c2ccc(cc2)O)N2C([C@@H]([C@@H](N2)C(=O)O)C)=O)(NC1=O)(S)C,0.2828652864773705
C([C@@H]1[C@H]([C@H]2[C@H]([C@H](C)O2)N1C(=O)C)NC(=O)c1ccc(O)cc1)(N)=O,0.2535771606263863
C1(NC([C@@H]2[C@H](C(=O)N2C([C@@H]1c1ccc(cc1)O)N)S(=O)(=O)O)(C)C)=O,0.3000941073074134
c1c(C(=O)N[C@@H]2C(N[C@H]([C@@H]3[C@@H]2S3)C(N(C)C)=O)=O)ccc(c1)O,0.30508258713441
c1c([C@@H]2[C@@H]([C@H](O)[C@@H](N2C(=O)[C@@H]2[C@H](NC(=O)N2)C)C(O)=O)C)ccc(c1)O,0.24058986536292637
C1([C@H]2[C@H]([C@H]([C@H](O)[C@H](c3ccc(C)cc3)N2)NC(=O)[C@H](O)C)N1C(=O)O)=O,0.3876044817605748
O[C@@H]([C@@H]1[C@@H]([C@@H]2C(N1[C@H](C(=O)O)C(=O)N2)=O)N)c1ccc(cc1)SC(C)C,0.24685930456731692
O=C([C@@H]1[C@@H]([C@H](O)[C@H]2N1C([C@H](O)[C@@H]2C)=O)NC(c1ccc(cc1)O)=O)C,0.2534438096265747
C[C@@]1(C(=O)N2[C@@H]([C@@H](O)[C@H]2SC(N1)=O)C(c1ccc(cc1)O)=O)NC(C)=O,0.39327590124014156
c1cc([C@@H]2N3C(=O)[C@@H]([C@@H](O)[C@@H]3SC2=O)NC(=O)[C@@H](N)C(C)C)ccc1O,0.2519308053762711
c1c(ccc(c1)C(=O)N)[C@H]1[C@@H]([C@@H]2[C@@H]([C@@H](C(=O)N2C)C)NC1=O)O,0.34573249411617923
O=C([C@@H]1[C@@H]2[C@@H](O)[C@H]([C@@H](O)[C@H](N2C1=O)C)C)NC(=O)c1ccc(cc1)O,0.26451058970494307
C([C@@H]1[C@H]([C@H]([C@@H]([C@@H](C)O)N1)C)N1C(=O)NC(=O)C1=O)(c1ccc(cc1)O)=O,0.27464628226733023
C1(C(=O)N)[C@@H]2[C@@H](N1C([C@@H]2[C@H](C(O)=O)NC(=O)c1ccc(cc1)O)=O)SC,0.37913996790110654
c1c(ccc(c1)C(N[C@@H]1C(=O)N2[C@@H](C1=O)[C@H](O)[C@H]([C@@H]2O)NC)=O)C,0.2438357847820078
O=C1NC([C@@H]([C@@H]2N1C([C@H](O)[C@@H]2c1ccc(cc1)O)=O)[C@H](C)C(N)=O)C,0.2859325119892557
[C@@H]1([C@@H](C(=O)O)[C@@H](C)N2[C@@H]1SC2(C)C(=O)N)NC(=O)c1ccc(cc1)O,0.3451288420306801
C1(N[C@@H](C(=O)N)[C@@H](C)N1C(=O)[C@@H]1[C@@H](SC(C)(C)O1)c1ccc(O)cc1)=O,0.3106994347664098
c1c(ccc(c1)S(=O)(N1C([C@H]([C@H]([C@H]1C(=O)NC)O)O)(C(=O)NC)C)=O)[CH3],0.3477075819284499
[C@@H]1(C(=O)N[C@H]([C@H](O)[C@@H]1S)C(=O)N1C(C)(C)C(=O)NC1=O)c1ccc(O)cc1,0.24153619610234883
c1c([C@@H]2[C@@H](N3C([C@H]([C@@H](O)[C@H]3S2)NC(=O)C(C)(C)NC)=O)C(=O)O)ccc(O)c1,0.31013221258940704
c1c(ccc(c1)C(=O)NC1[C@@H]2[C@@H]([C@@H]([C@H](O)[C@@H]2O)C(=O)N1C)C)NC(=O)O,0.28519773423914035
O=C(O)[C@@H]1[C@@H]([C@@H](O)[C@@H]2N1C(C2=O)(NC(=O)[C@H](C)N)C)Sc1ccc(cc1)O,0.36294013962493277
c1c(ccc(c1)O)N1C([C@H]([C@@H]([C@@H]1S(C)(=O)=O)O)NC([C@@H]1C(NC1=O)(C)C)=O)=O,0.2908259579136742
[C@@H]1(C)C(N[C@@H]2C(=O)NC([C@@H](O)[C@@H]21)(C)C(=O)N(c1ccc(cc1)O)S)=O,0.28340980651601033
[C@@H]1(O)[C@@H]([C@@H]([C@H]2NC(=O)N(C(C)(C)C(N)=O)C2=O)S1)c1ccc(O)cc1,0.303461438287075
[C@@H]1(C(N)=O)N2[C@H](C(=O)N[C@H](C(O)=O)C)[C@@H]([C@@H]1c1ccc(cc1)O)C2(C)C,0.24251009485919342
C1(NC([C@@H]([C@H]2[C@H](O)[C@@H](c3ccc(cc3)O)N(C(=O)[C@@H]21)C)C)=O)=O,0.28325615280345473
C1([C@@H]([C@@H]([C@@H](O)[C@@H](O)[C@H]1O)N1C(=O)[C@H](NC1=O)c1ccc(cc1)C)NC)=O,0.23808392723971875
c1(ccc(cc1)O)[C@@H]1[C@@H](C(=O)NC)N2C([C@@H]([C@@H](S2)C(=O)O)NC1=O)(C)C,0.2719228162424879
O[C@H]([C@H]1[C@@H](C(=O)N2[C@@H]1C(=O)N[C@@H]2C(=O)N)c1ccc(cc1)O)C,0.3402221874750608
c1c(ccc(c1)[C@@H]1[C@@H]2N(C(C(N)[C@@H](S2)C(=O)O)=O)C([C@@H](C)N1)=O)O,0.4021320477828573
[C@@H]1(C(=O)N2[C@H](C(=O)N[C@H](C)c3ccc(O)cc3)[C@H](C)N[C@@H]12)C(O)=O,0.23417172051291857
c1cc([C@@H]2C(SC(N2)=O)([C@H]2[C@H](N(C([C@H]2NC(=O)C)=O)C)C)O)ccc1O,0.4037363790448871
C[C@@H]1[C@@H]([C@H](c2ccc(S(=O)(=O)O)cc2)N2C(=O)[C@H](O)C(NC)(C(=O)N1)C2=O)C,0.3862703863579255
C1(=O)N2[C@@H]([C@H]([C@@H]([C@H]2S1)NC(=O)c1ccc(cc1)O)C(N)=O)C(C)(C)O,0.21540325002374222
[C@H]12[C@H]([C@H](S)C(=O)N1[C@@H](C(=O)O)C(=O)N2)NC(C)(C)c1ccc(O)cc1,0.33953319824865574
c1(S(=O)(N[C@@H]2C(=O)N3[C@@H]([C@H]([C@@H](O)[C@H]3C)O)C(=O)N2)=O)ccc(C(=O)C)cc1,0.23530779376364666
[C@@H]1(C(=O)N2[C@H]([C@H]([C@H](O)[C@H]2C(NC)=O)c2ccc(O)cc2)C(=O)N1)C,0.332296330626204
[C@@H]1(NC(=O)[C@@H]2[C@@H](C(=O)O)N2C(C1(C)C)=O)[C@@H](N)Sc1ccc(O)cc1,0.2519939418842538
O=C(c1ccc(N2[C@@H]([C@@H]([C@H]([C@H]2S)O)O)C)cc1)NC1(C(=O)NC1=O)C,0.3312465476490835
c1c(ccc(c1)S(=O)(=O)N)C1(NC([C@H]2[C@H](C(=O)N2C)[C@H](C)[C@@H]1O)=O)O,0.2863537637736715
c1c(ccc(c1)[C@@H]1[C@H]([C@@H]2C(=O)N1C([C@H]([C@@H]2C(=O)NC)C)=O)O)O,0.31505757582271504
[C@@H]1(NC(=O)[C@@H]2N1C([C@H](C(O)(C)C)[C@@H]2S(c1ccc(O)cc1)(=O)=O)=O)N,0.27433326535200575
C(N[C@@H]1[C@@H](O)[C@@H]2C(=O)N(C(=O)[C@@H]1O)C(=O)C2(C)C)(N)=S,0.42826748644395596
C1(=O)N2[C@H]([C@@H](S[C@@H]1C(=O)NC(C)(C)C(=O)N)[C@H]2c1ccc(O)cc1)O,0.24493094700541998
O=C(O)[C@@H]1[C@H]([C@H]2N1C(=O)[C@@H](NC(=O)c1ccc(O)cc1)[C@@H](C)S2)C,0.26734031124145496
O=C(N[C@@H]1[C@@H]([C@@H]2[C@@H](N1C([C@@H]2C(O)=O)=O)C)C)c1ccc(cc1)O,0.26076902233825944
C(C(=O)N[C@@H]1[C@H]([C@@H]([C@@H]2N1C(=O)[C@@H](S2(=O)=O)C)NC)c1ccc(cc1)O)(O)=O,0.2805561858903507
S(=O)(c1ccc(cc1)O)(N[C@@H]1[C@@H]([C@@H]2C(=O)N(C(=O)[C@H](C)N2)C1=O)C)(O)C(=O)N,0.2667892330560973
C1(=O)NC([C@H](O)[C@@H](O)[C@@H]2[C@@H]1[C@H](N2C(=O)c1ccc(cc1)O)C(=O)NC)C,0.2440556768340997
C1(N([C@@H]([C@@H]([C@H]1O)NC(=O)[C@@H]1[C@H]([C@H](C)N1)C)c1ccc(cc1)O)C(=O)O)=O,0.21781992909417064
c1c(ccc(O)c1)[C@@]1(NC(=O)[C@@H]2[C@@H]1SC(C)C(=O)N2C)C(N[C@@H](C)O)=O,0.2889893392763958
[C@@H]1(C(=O)NC(c2ccc(cc2)O)=O)[C@@H]2C(C)(C)[C@@H]([C@@H](O)C(N21)=O)N,0.32902162216363273
O=C([C@@H]1[C@@H]2N(C(=O)[C@@H](O)[C@@H](O)[C@@H]2S1(=O)=O)C)NC(C)c1ccc(cc1)O,0.2255356662921406
C[C@@H]1C(=O)N2[C@H](C(=O)N[C@H](C)c3ccc(O)cc3)[C@@H]([C@@H]21)OC(=O)N,0.29986136672972036
C1(=O)N([C@@H]([C@@H](O)[C@H]1NC(=O)c1ccc(cc1)O)[C@@H]1SC(=O)NC1(C)C)C,0.2360667220000041
O=C([C@@]1(C(C)C)[C@@H]2[C@@H](S1)NC(=O)N2[C@@H](C(=O)O)c1ccc(O)cc1)N,0.3546293399045916
O=C([C@@H]1[C@@H]([C@@H]([C@@H]2N1C([C@@H](C)N2)=O)c1ccc(cc1)O)O)NC(=O)C,0.22445070549144386
[C@@H]1(C(=O)N([C@@H](C(N[C@@H]2C(=O)N[C@@H](C)C21C)=O)C)O)c1ccc(cc1)S,0.3205852164992918
O=C1N[C@H](C(=O)N[C@@H]2[C@@H]([C@@H](O)[C@H](O)C(N21)=O)c1ccc(O)cc1)C(C)C,0.284958717594616
O=C1N[C@@H]([C@H](O)[C@H]1O)C(N[C@@H]1C(=O)N([C@@H](C)C)[C@@H]1c1ccc(O)cc1)=O,0.17198925662119535
NC([C@@H]1C(=O)N2[C@H](C(O)=O)[C@@H](NC1=O)[C@H](O)[C@H]2c1ccc(cc1)SC)C,0.38618450801138693
C1(N[C@H]([C@H](O)[C@@H]1[C@@H](N1C(=O)[C@@H](NC1=O)C)c1ccc(O)cc1)C)=O,0.27213595870886276
c1(ccc(cc1)O)[C@@]1(C(=O)N[C@H](C(O)=O)[C@H]2[C@H]1N(C(C)=O)[C@@H](C)S2)N,0.33549001053297267
[C@@H]1(C(=O)N2[C@H](C(=O)NC(C)C)[C@@H]([C@H]([C@@H]21)O)O)NC(c1ccc(cc1)O)=O,0.1972333728708327
c1c(ccc(O)c1)C(N[C@@H]1C(=O)N2[C@H]([C@@H]([C@@H]([C@H]2[C@@H]1C)O)C)C(=O)N)=O,0.2686455462826346
c1cc([C@@H]2[C@@H]([C@@H]3SC(=O)N([C@H]3C(=O)N2)C(C)(C)C(=O)N)O)ccc1O,0.24091236493789409
c1(ccc(cc1)C(=O)N)N1C([C@@H]2[C@@H]([C@@H]([C@@H](O)[C@H]2C1=O)C)NC(=O)C)=O,0.3353474702134297
c1cc(ccc1[C@@H]1[C@@H]2[C@@H]([C@H]([C@@H](C(=O)O)N2C(C)=O)NC(=O)N1)C)O,0.22511514661847817
O=C1[C@H]([C@@H]([C@@H]2N1C([C@@H](O)[C@H]2C(=O)NC)=O)NC(c1ccc(cc1)O)=O)S,0.2996572795958589
N([C@@H]1[C@@H](C(=O)O)N2C(C1[C@@H](C)[C@H]2S(=O)(=O)c1ccc(cc1)O)=O)C(=O)N,0.3251212223887503
N([C@H]1[C@@H]([C@@H]([C@@H]2C(=O)N([C@@H](C)C)C(=O)N2)C(=O)[C@@H]1O)O)c1ccc(O)cc1,0.23911862765803285
[C@@H]1([C@@H]([C@@H]2[C@H](N1C(=O)[C@H](O)[C@H]2c1ccc(cc1)O)C(NC)=O)C)NC(=O)C,0.22897168359537312
O=C(c1ccc(cc1)O)N[C@H]1[C@@H]([C@H]2[C@H]([C@@H](N2C1=O)C(=O)NC)O)C,0.24244377338424172
N([C@@H](C)C(=O)O)c1ccc(cc1)[C@@H]1[C@@H](C(=O)O)N2C(SC1(C)C2=O)=O,0.43221032073148874
C1([C@@H]([C@@H]([C@@H]([C@@H]1O)NC(=O)[C@@H]1NC(=O)N(C1=O)C)c1ccc(cc1)O)C)=O,0.17283162382243744
O=C([C@@H]1[C@@H]([C@H]2N1C(C2(O)C)=O)NC([C@H](C)Sc1ccc(cc1)O)=O)N,0.2799987331277399
[C@@H]1(C(=O)N2C(C(=O)O)[C@H]([C@@H]([C@H]21)O)C(=O)N[C@H](C)c1ccc(cc1)O)NC,0.29691482031131783
[C@@H]1([C@@H]([C@@H]([C@H]([C@@H]1O)O)NC(=O)c1ccc(cc1)O)N1C(=O)NC(=O)C1=O)C,0.1640031216336549
O=C1N[C@@H]2[C@@H]([C@@H](O)[C@@H](C)N2C(=O)[C@H](c2ccc(O)cc2)NC(=O)C)S1,0.25856421604702884
c1c(ccc(c1)O)[C@@H]1[C@H](C(N2[C@@H](C(=O)O)C(C)(C)S2)=O)[C@H](C(=O)N1)N,0.28309608673942394
C[C@@H]([C@@H](C(=O)O)N1C(=O)[C@@H]2[C@@H]([C@@H](C)S2)NC1=O)c1ccc(O)cc1,0.29539877270972204
C(=O)(N[C@@H]1[C@H](O)[C@@H]2N(C(=O)[C@@H](N2)C)C(C1(c1ccc(cc1)O)S)=O)C,0.2985228156074711
C1(NC([C@@H]2[C@H]([C@H](O)[C@@H]([C@@H]2O)NC(c2ccc(cc2)O)=O)C(N1C)=O)=O)C,0.274387554012611
C[C@@H]1[C@@H]2SC([C@@H]([C@@H](O)[C@@H]2N1C(=O)N)C(C)=O)NC(c1ccc(cc1)O)=O,0.41792635216692325
c1c(ccc(O)c1)C(=O)N[C@H]1[C@H]([C@@H]([C@@H]([C@@H]1O)NC(=O)C)N1C(=O)[C@@H]1C)O,0.24919244257175793
NC1[C@H]([C@@H]([C@H](C)O)[C@@H]2[C@@H]1C(N2C(=O)c1ccc(cc1)O)=O)S(=O)(NC)=O,0.4051436623368143
C1(N[C@H]([C@@H]([C@H]1O)O)[C@H]1N(C(=O)[C@@H](NC1=O)c1ccc(cc1)O)C(C)C)=O,0.22492171871563663
[C@@H]1(C)C(=O)N2C([C@@H](O)[C@H]([C@@H]2S1)NC(=O)c1ccc(cc1)O)(C(=O)N)C,0.2592728103420132
[C@@H]1(C)C(N2[C@H]([C@H]([C@@H]([C@@H]2S1)O)O)C(=O)NC)=O,0.3807654556523352
c1(ccc(C(=O)N[C@@H]2[C@H]([C@H]3N(C(=O)[C@@H](O)[C@@H]32)C(C)=O)NC)cc1)O,0.22796219987896094
C1([C@H]2N[C@H]([C@@H](N2C(=O)[C@H]1C(N)=O)C(O)=O)c1ccc(cc1)O)(SC)C,0.35526276385316263
c1c(ccc(S(=O)(=O)N)c1)[C@@]1(C(=O)N2[C@H](C(=O)NC)SC(C)[C@@H]21)C(=O)O,0.24436266096711318
[C@H]1(NC([C@@H]2[C@H]1N(C([C@@H](C)O)=O)[C@@H](C)C2=O)=O)c1ccc(cc1)O,0.2689419654976133
[C@@H]1(C(=O)O)N2[C@@H]([C@@H](O)[C@H](NC(=O)[C@H]2c2ccc(cc2)O)C)C(N1)=O,0.2574900113026381
c1(O)ccc(cc1)[C@@H]1N2C(=O)[C@H](C(=O)O)NC([C@H]2C1(SC(C)C)N)=O,0.33121838997177866
O=C([C@@H]1[C@H]2N([C@@H]([C@H](O)[C@@H]2O)C(=O)N1)C(C)=O)NC(c1ccc(cc1)S)=O,0.21410258351725125
O=C1[C@]2(NC(N1[C@@H]([C@@H]([C@H]2S)C(=O)O)C(C)C)=O)c1ccc(cc1)O,0.37893226633177335
c1(S(=O)(=O)N[C@@H]2C(=O)N3[C@@H]([C@@H]([C@H](O)[C@H]3O)C)C(N2)=O)ccc(cc1)C(C)=O,0.25933857883027195
CC([C@@H]1[C@@H]([C@H]2[C@@H](C(=O)N2[C@@H]1c1ccc(cc1)O)C(NC)=O)NC(=O)O)=O,0.24117236714367246
[C@@H]1(c2ccc(O)cc2)N[C@H](C(N)=O)[C@@H]2[C@H]1SC(C)(C)N2C(=O)C(=O)O,0.3242898024866694
c1(ccc(cc1)C(N[C@@H]1[C@H](O)[C@@H](S)[C@@H]2N(C(=O)[C@@H](NC12)C)C)=O)O,0.28902876790333404
c1cc(ccc1O)[C@@H]1[C@H]2N(C([C@@H](NC([C@@H]2[C@@H]1C(=O)O)=O)C)=O)C(N)=O,0.23504307478780478
C1(N)N2C(=O)[C@@H]([C@H](S2)C)[C@@H]([C@H]1c1ccc(cc1)O)C(NC)=O,0.42477284249778297
c1cc(O)ccc1C(NC1(C(=O)N2[C@H]([C@@H]([C@@H]([C@H]2S)C)O)C(=O)N1)C)=O,0.29651422039792696
C1([C@H]2[C@H]([C@H](O)[C@@H](N2)C(=O)N1C)C(=O)NC(c1ccc(cc1)O)=O)(C)S,0.38811408297142813
C1([C@@H]([C@@H]([C@@H]([C@@H](O)[C@@H]1O)C)NC(=O)c1ccc(O)cc1)N1C(=O)NC1=O)=O,0.182771551967111
C1(=O)N(C([C@H]2N[C@H]([C@H]([C@H](O)[C@H]21)O)C(=O)NC)=O)c1ccc(cc1)C,0.3104188376928024
c1cc(ccc1[C@H]1NC(C2N(C([C@H](O)[C@H]21)=O)[C@H](C(=O)N)C)=O)O[C@@H](C)S,0.33357135642790997
C[C@@H]1[C@H]([C@@H]2[C@@H]([C@@H]1N2C(=O)c1ccc(O)cc1)C(=O)NC(NC)=O)O,0.2652766255152707
c1c(ccc(c1)C(=O)N[C@@H]1[C@@H]2[C@H]([C@@H]([C@H]([C@@H]2C(=O)O)O)N1C(=O)C)NC)O,0.28186204786937485
C([C@@H]1[C@H](C(=O)O)N2C(C(C2=O)(c2ccc(cc2)O)[C@H]1SC(N)=O)C)(N)=O,0.43239544859296686
O=C1N[C@@H]([C@@H](O)[C@@H]1C)[C@@H]1C(=O)N([C@@H](C)C(=O)N1)C(c1ccc(cc1)O)=O,0.24552353709707392
c1c(ccc(c1)S(=O)(=O)N)[C@@]1([C@H](C(=O)N2[C@@H](C(=O)O)C(C)N[C@H]21)C)O,0.32768311982954773
O=C([C@H]1[C@H]([C@@H](O)[C@H](N1C)C(=O)NC)O)NC(=O)c1ccc(SC)cc1,0.35929070240620176
c1c(C(N[C@@H]2[C@@H]([C@H](C)O)[C@@H]3[C@@H]([C@@H](N3C(=O)C)C(=O)N2)O)=O)ccc(OC)c1,0.30400556374643156
c1cc(ccc1[C@@H]1[C@H](N2[C@@H]([C@H](S2)C)C(=O)NC)C(=O)NC1(C)C(=O)O)O,0.3211049906026018
c1cc(ccc1C(N[C@@H]1[C@@H]([C@@H]2[C@@H](C(=O)N2C)SC1(C)C)NC(=O)O)=O)O,0.21957482157261288
C1(N[C@H](C(=O)N)C(=O)N1C([C@@H]1[C@H]([C@@H](O)[C@@H]1Sc1ccc(cc1)O)C)=O)(C)C,0.31694099304990647
C1([C@@H]([C@@H]([C@H]([C@@H](O)[C@@H]1O)N1C(=O)NC(C)(C1=O)C)N)c1ccc(cc1)OC)=O,0.19571124268218196
C1(=O)[C@@H]2[C@@H]([C@@H]([C@@H]([C@H]2O)N1C(=O)c1ccc(cc1)O)NC(=O)C)NC,0.24136750625643857
C1(NC(=O)[C@@H]2[C@H]([C@H]([C@@H](O)[C@H](O)[C@H]2N1C(=O)C)NC(=O)C)c1ccc(O)cc1)=O,0.2611949621543603
c1(C(NC2[C@@H]3[C@@H]([C@H]([C@H]([C@H]3O)N2C(=O)C)C)NC(O)=O)=O)ccc(cc1)O,0.3077930408475269
O=C1N(C)[C@H]2[C@@H]([C@@H](N2)C(=O)N[C@H](C(O)=O)C(C)(C)S)S1,0.46621018806569575
N1([C@H]([C@@H](O)[C@H]([C@H]1S(=O)(=O)C)NC(=O)C)c1ccc(cc1)O)C(=O)[C@@H](N)C,0.23627427829051778
[C@@H]1([C@H](NC(=O)c2ccc(O)cc2)C(=O)N([C@@H]2[C@H]([C@H]12)C)C(NC)=O)O,0.36905771978458546
c1(ccc(cc1)C(=O)NC1[C@@H]([C@H](O)[C@@H](O)[C@H]1N1C(=O)[C@H](C)NC1=O)C)O,0.28848184428078183
C1(=O)N2C(C(=O)N[C@@H](C)[C@@H](O)[C@@H](C)S2)[C@@H](c2ccc(cc2)O)C(=O)N1,0.3623961767906824
N(C([C@@H]1[C@H]2S[C@H](C(=O)N2[C@@H]1c1ccc(cc1)O)C(=O)N)=O)C(C)(C)O,0.27662193897718623
c1(ccc(O)cc1)[C@@]1(C(NC(=O)N1)=O)[C@@H]1[C@H]([C@H]([C@H](N1C(C)=O)C)O)S,0.28079491697278597
O=C([C@@H]1[C@@H]([C@H]2N1C([C@@H](NC(=O)C)[C@@H]2c1ccc(cc1)O)=O)O)NC,0.19373567937713634
O=C1N[C@H]([C@@H]2[C@H](N([C@H](c3ccc(O)cc3)C(=O)O)C2=O)[C@@H]1NC)C,0.3956691893851753
C1(N(C([C@H]2N[C@@H](C(=O)N2)[C@H]1S)(C)C)[C@@H](C(=O)O)c1ccc(cc1)O)=O,0.4054815032445305
[C@@H]1(O)[C@@H]([C@@H]([C@@H]2[C@@H](C(=O)N2C1=O)NC(=O)c1ccc(cc1)O)NC)C,0.21780057051906798
[C@@H]12C(=O)N([C@@H](C)C(=O)N[C@H]2[C@@H](C(C)(O)C(=O)N1)O)Sc1ccc(O)cc1,0.46633668694843017
C1([C@@H]([C@@H]([C@@H](O)[C@@H]2N1C([C@@H](C)NC2=O)=O)c1ccc(cc1)O)NC)=O,0.1865554782378922
[C@@H]1(C(=O)N2[C@@H]([C@@H]([C@H](O)[C@H](O)[C@H]21)C)C)C(NNC(c1ccc(cc1)O)=O)=O,0.3099679271982709
C[C@@]1(C(=O)N2[C@H](C(N[C@@H](C2=O)[C@H]1c1ccc(cc1)O)=O)[C@H](C)O)N,0.44317172615444467
c1(ccc(C(=O)N)cc1)S(=O)(N[C@@H]1C2C([C@@H](N1C(=O)[C@@H](O)[C@H]2O)C)=O)(C)C,0.3262192826134721
O=C1NC([C@@H](C)[C@]2(C)C(=O)N(C(=O)N2)[C@@H]([C@@H]1O)c1ccc(cc1)O)S,0.37946924346917627
O=C1N[C@H]([C@@H](O)[C@@H]1O)C(=O)N[C@@H]1C(=O)N(C(S1(=O)=O)(C)C)c1ccc(cc1)O,0.21464820914352775
O=S(=O)(N[C@@H]1[C@@H]2[C@@H]([C@](C(O)=O)(C(=O)N2C1=O)N)C)c1ccc(O)cc1,0.357855957160022
[C@@H]1([C@@H]2[C@@H]([C@@H](S2)C)C(=O)N1C(C)(C(O)=O)C(=O)N)NC(=O)c1ccc(O)cc1,0.27253696185380794
c1(ccc(cc1)S(=O)(=O)N)[C@@H]1[C@H]([C@H]2N(C([C@@H](NC2=O)C)=O)C(C)(C1=O)O)O,0.29185034795681497
c1c(ccc(c1)O)C(=O)N[C@@H]1C(N2[C@H]([C@@H]([C@H](O)[C@@H]2S1(=O)=O)C)C(=O)N)=O,0.19546114867855408
C1(=O)NC([C@H]2N1C([C@H](O)[C@@H]2C(=O)O)=O)[C@H](N[C@H](c1ccc(O)cc1)C)C,0.3069816577457162
[C@@H]1(c2ccc(cc2)O)NC(N([C@@H]1C(=O)O)[C@H]1[C@@H](SC(C)(C)N1)C(=O)N)=O,0.2835522754050239
C1(=O)N2[C@H]([C@@H]([C@H]([C@H]2N1)C(O)=O)SC(C)(C(=O)N)c1ccc(O)cc1)C,0.39776952853535535
N1(C([C@H](O)[C@@H]([C@@H]2[C@@H]1SC(C)(C)C2=O)C(N)=O)=O)c1ccc(cc1)O,0.35264365874128045
c1cc(O)ccc1C(N[C@@H]1[C@H](C)N([C@@H]2[C@H]1SC(C)(C(=O)O)N2)C)=O,0.3117259687603977
[C@@H]1(C(=O)NC(C(=O)O)(C)C)[C@@H]2N([C@@H](c3ccc(O)cc3)C(N2)=O)[C@H]1S,0.29097606522747554
N1C([C@@H]2[C@@H]([C@@H](C2=O)N(C)C(=O)[C@@H](O)[C@H]1c1ccc(O)cc1)NC(=O)C)=O,0.33204760539285094
C1([C@@H]([C@@H]2[C@H]([C@H]([C@H](O)[C@@H]2O)NC(=O)c2ccc(cc2)O)C(=O)N1C)C)=O,0.25492404678817226
c1cc(ccc1[C@@H]1[C@H]([C@@H]([C@@H]2N1C(C(C)(N2)C(=O)O)=O)SC(=O)NC)O)C,0.3251815540718502
[C@@H]1(C)N2[C@@H]([C@H](C(O)=O)NC2=O)[C@@H](NC(=O)c2ccc(O)cc2)[C@@H]1C,0.33786757206748536
O[C@@H]1[C@H]([C@H](O)[C@@H]([C@@H]1N1C(=O)[C@H](NC1=O)C)C)NC(c1ccc(O)cc1)=O,0.2646190597248179
N1(C([C@H]2[C@@H]([C@@H](C)O)[C@@H]([C@H]2O)C(=O)NC1=O)=O)c1ccc(SC)cc1,0.356836472880957
c1c(ccc(c1)[C@@H]1NC([C@H](C)[C@@H]1C(=O)O)=O)[C@@H]1N(C(=O)[C@H](O)N1)C,0.30305477167207706
C[C@@H]1[C@@H]2[C@H]([C@@H](N1C(=O)C)C(NC(O)=O)=O)[C@H]2NC(c1ccc(O)cc1)=O,0.38232063814047734
N1C([C@H](C(O)=O)N2C(=O)[C@H]([C@@H](C)[C@@H]2C)[C@@H]1c1ccc(cc1)O)=O,0.34171926748924253
O=C([C@H]1[C@@H]([C@@H]([C@H]2N1C(=O)[C@H](O)[C@@H]2c1ccc(O)cc1)C)NC(=O)C)N,0.2056104179207553
C1([C@H]([C@@H]2N1C([C@@H](NC([C@@H](N)C)=O)[C@@H]2c1ccc(cc1)OC)=O)O)=O,0.2277717599072601
[C@@H]1([C@H](C(O)=O)N2[C@H](C(N[C@H](C)c3ccc(O)cc3)=O)[C@@H]1NC2=O)C,0.3098838688126524
c1cc(S(=O)(=O)[C@@H]2NC([C@@H]([C@@H]2O)N2C(C(C)([C@H]2C)C(=O)N)=O)=O)ccc1O,0.3078658899626334
[C@@H]1(C(=O)N)N2[C@@H]([C@H](NC(=O)c3ccc(O)cc3)[C@@H]([C@H]2C1=O)C)O,0.2931159481961621
[C@@H]1(c2ccc(O)cc2)N[C@@H]([C@H](O)[C@@H]1NC([C@@H]1C(N(C)C(=O)S1)=O)=O)C,0.27348579793403605
C1([C@@H]([C@@H]2S[C@@H]([C@@H](O)[C@@H]2O)N1C(=O)N)NC(c1ccc(C)cc1)=O)=O,0.29044317842416845
[C@@H]1(N2C([C@@H]([C@H](C1=O)NC(=O)[C@H](C)N)S2)=O)c1ccc(cc1)C(O)(C)O,0.36845870178201295
c1cc([C@@H]2[C@H]3[C@H](S)[C@@H](N3C([C@H](C2C(=O)O)NC(=O)C)=O)NC)ccc1O,0.37172446444577134
[C@@H]1(C(N)=O)N2C(=O)[C@H](O)[C@@H]([C@@H]2SC1(C)C)NC(=O)c1ccc(cc1)O,0.247460689682444
O=C1N[C@@H]2[C@H](O)[C@H]([C@@H](O)[C@H](N2C1=O)C)C(=O)N[C@@H](C)c1ccc(cc1)O,0.28150997038151754
O=[N+]([O-])c1ccc(cc1)S(=O)(=O)N[C@@H]1C(=O)N2C([C@@H]([C@@H](C(=O)O)N)C2(C)C)O1,0.2879179845853959
c1cc([C@@H]2[C@@H]3C(=O)N(C(=O)[C@@H]([C@@H]2O)O)C(=O)[C@@H]3NC(C)=O)ccc1N,0.2890721373404678
c1cc(C(=O)NC2[C@@H]3[C@H]([C@H](C)S3)N2C([C@H](NC(C)=O)C)=O)ccc1O,0.3724738257023176
C1([C@@H]([C@H]([C@@H](O)[C@H](N1C([C@@H]1[C@H](c2ccc(cc2)O)NC(=O)N1)=O)C)C)O)=O,0.2657444896654237
[C@@H]1(C(=O)N2[C@H]([C@@H](O)[C@H](C2=O)NC(=O)c2ccc(cc2)O)[C@@H](N1)C)C,0.22126987336813592
[C@@H]1(C(=O)N2[C@@H]([C@H](O)[C@@H](O)[C@@H]2S1(=O)=O)C(NC(C)c1ccc(cc1)C)=O)N,0.16051040607247108
c1cc(ccc1S(=O)([C@@H]1[C@H](C(=O)N2[C@@H]([C@@H](NC2=O)C)C)C(=O)N1)(O)O)O,0.2899770366272221
[C@@H]1(c2ccc(cc2)O)C(NC([C@H]2N1C([C@@H](O)[C@H]2S(=O)(C)=O)=O)C)=O,0.25397283385303104
[C@@H]1([C@@H]([C@@H]2N(C(=O)[C@H](N2)C(C)(C)C(=O)O)C1=O)c1ccc(S)cc1)NO,0.31188346570627284
[C@@H]1([C@@H]([C@H]2[C@@H](C(=O)N2C(C)C)NC1=O)NC(=O)c1ccc(S(=O)(O)=O)cc1)O,0.26071439780687927
c1c(ccc(c1)NC(=O)[C@@H]1[C@@H]([C@H]([C@H](O)[C@@H](O)[C@@H]1C)N1C(=O)NC1=O)C)O,0.22263165784631003
c1cc(ccc1[C@@H]1NC(=O)[C@@H]2SC(N([C@@H]2C(=O)O)C(C)(C)C(=O)N)=S1)O,0.37490457230961277
O=C([C@@H]1[C@@H]([C@H](O)[C@H]2N1C(=O)[C@@H](NC(=O)c1ccc(O)cc1)[C@@H]2C)C)N,0.20818433686827212
O=[N+](c1ccc(S(=O)(N2C([C@@H]([C@H]([C@@H]2C(NC)=O)N)C(=O)O)(C)C)=O)cc1)O,0.28456160305888173
C1(=O)N2[C@H](C(=O)O)[C@H]([C@@H]([C@H]2SC1(C)C)NC(c1ccc(O)cc1)=O)N,0.26060322001712316
c1(ccc(cc1)O)[C@@H]1N([C@@H]2[C@@H](C)SC([C@@H]2C(=O)O)=O)C(NC1(C)C)=O,0.36344592428265377
c1c([C@]2([C@H]3[C@H]([C@@H](C(=O)O)N2C3=O)C(=O)NC(C)C)S)ccc(c1)O,0.3952747561504607
[C@@H]1(C(=O)O)N2C([C@H](NC([C@@H](c3ccc(O)cc3)NC(C)=O)=O)[C@H]2S1(=O)=O)C,0.24021359341478482
CC([C@H]1[C@@H]2[C@@H](O)[C@@H]([C@H](N2C(=O)c2ccc(O)cc2)C(=O)N1)C)NC(=O)[O-],0.34406802124610475
c1c(ccc(c1)C(NC1[C@H]([C@H]([C@H]([C@@H](O)[C@@H]1N1C(=O)NC1=O)O)C)C)=O)O,0.2612815177065144
C[C@@]1(C(=O)N[C@@H](C(=O)NC)C)C(=O)N2[C@H]1[C@H](O)[C@@H]2c1ccc(O)cc1,0.3078755178298835
C1([C@H]([C@@H]([C@H](O)[C@@H](N1C)O)NC(c1ccc(cc1)O)=O)C(=O)[O-])(C)SC,0.38141209225229633
C[C@@H]1[C@@H]([C@@]2(SC(N(C2=O)C)=O)[C@@H](O)[C@H]1NC(=O)c1ccc(O)cc1)N,0.26756711214337553
O=C1N[C@@H]([C@@H](O)[C@@H]2[C@@H]([C@@H](c3ccc(cc3)O)N2)C(=O)N1C(C)=O)SC,0.3568246514500945
C(c1ccc(S(=O)(=O)N)cc1)(=O)N[C@@H]1[C@H]([C@@H]([C@@H]([C@H]1O)O)N1C(=O)C1=O)C,0.2764202604271833
c1c(ccc(c1)O)C(N[C@@H]1[C@H]([C@H](O)[C@H](N2C([C@H](C)NC2=O)=O)C)[C@H]1O)=O,0.2974115900028404
C1[C@@H]([C@H]([C@@H](Sc2ccc(cc2)O)C)[C@@]2([C@H](C(=O)N21)NC(=O)C)NC(=O)C)O,0.3863905400531535
O=C([C@@H]1[C@H]2N(C([C@@H]([C@@H]2O)NC(=O)c2ccc(O)cc2)=O)[C@H](C)S1)C,0.22965448414557027
[C@@H]1(C(=O)N[C@@H]2[C@@H](c3ccc(O)cc3)NC(S2)=O)[C@@H](N(C(=O)C1(C)C)O)C,0.2751531286211928
O=C([C@H]1[C@@H](N2[C@@H]([C@H]1S2)C(=O)NC(C)(C)C(=O)O)c1ccc(O)cc1)N,0.30314249649155517
NC(c1ccc(O)cc1)[C@@H]1N2C(=O)[C@H](C(O)=O)NC([C@H]2S[C@@H]1C(C)(C)C)=O,0.3051322850417412
C([C@H]1[C@@H]([C@@H]([C@@H](O)[C@@H](O)[C@@H]1N1C(=O)NC1=O)C)NC(c1ccc(cc1)O)=O),0.21918354500872073
c1c(ccc(c1)S(=O)(=O)N)[C@@H]1[C@H]([C@@H]([C@H]2N(C(=O)C2(C)C)C)NC1=O)O,0.31693418295637854
C1(=O)N([C@@H]([C@@H](O)[C@@H]1O)C(N[C@@H]1[C@@H](c2ccc(cc2)C)C(N1)=O)=O)[C@@H](C)O,0.19089605605327975
c1c(ccc(c1)O)[C@@H]1NC(=O)[C@H](N)[C@@H]2N(C(=O)[C@@H](C)S2)C(C)(C(O)=O)C1=O,0.2750084862726293
O=C(N[C@@H]1[C@@H]2[C@H]([C@](O)(C(=O)N2C1=O)C(C)C)N)Sc1ccc(cc1)O,0.35738538311726237
C1(=O)[C@@H]([C@@H]2[C@@H]([C@@H]1N2C(=O)c1ccc(cc1)O)NC(=O)[C@H](N)C)O,0.29963961110994447
c1c(ccc(c1)[C@@H]1[C@@H]([C@@H]2C(=O)N1C(=O)[C@H]2NC(=O)[C@@H](O)C)O)NC,0.2625800161038685
c1(ccc(cc1)[C@@H]1N2C([C@H]([C@H](O)[C@H]2SC1(C)C)C(=O)NC(N)=O)=O)O,0.22338452641331105
c1c(ccc(c1)O)[C@@H]1[C@@H]2[C@@H](C(=O)N2C([C@@H](S1)C)=O)NC(=O)C(N)(O)C,0.30218559873970724
O=C([C@@H]1[C@@H]2[C@@H](N(C(=O)Nc3ccc(SC)cc3)C(=O)[C@@]2(O)[C@H]1O)C)N,0.36865455369381156
[C@@H]1(c2ccc(O)cc2)C(N([C@@H]2[C@@H]([C@@H]([C@@H](C)O)C(=O)N1)NC2=O)C)=O,0.37088487539776127
c1cc(ccc1C(NC1(C(C)C)[C@H]2[C@H](N1C([C@H]2S)=O)C(=O)NO)=O)[O-],0.41732651323668457
c1cc(C(=O)N[C@@H]2C(=O)N3[C@H]([C@@H]([C@@H](C)O3)C)[C@H]2C(N)=O)ccc1O,0.320849869621518
c1c(C(=O)NC2(C(=O)N)[C@H]([C@H]3[C@@H](S2)[C@@H](C)N3C(=O)C)O)ccc(O)c1,0.32815494248243593
[C@@H]1(C(O)=O)N2[C@@H]([C@@H](C(NC)=O)[C@@H](O)[C@@H]2C)C(=O)N1,0.3600818589923707
O=C1N[C@@H]2[C@H]([C@@H](O)[C@@H](C(C)(C)C(=O)O)N2C1=O)NS(=O)(=O)c1ccc(cc1)O,0.25438446410916804
O=C([C@@H]1[C@H]([C@@H]([C@@H]([C@H](O)[C@@H]1O)NC(=O)C)N1C(=O)NC1=O)c1ccc(C)cc1)O,0.24213207675394682
O=C1N[C@@H]([C@@H](O)[C@H]1N1C(=O)[C@H]([C@@H]([C@@H]1c1ccc(O)cc1)NC(=O)C)C)C,0.2191535306383166
[C@@H]1(C(O)=O)N(C(=O)[C@@H]([C@@H]1c1ccc(O)cc1)NC([C@H]1SC(N1)(C)C)=O)C,0.2589537077728557
c1cc(ccc1[C@H]1[C@@H]([C@@H]([C@@H](O)[C@H](N2C(=O)[C@H](NC2=O)C)C)NC1=O)O)O,0.2074043606275654
N1[C@@H]([C@H]([C@H](C)N2[C@@H]([C@H](C)OC2=O)C)[C@H](c2ccc(cc2)O)NC1=O)C(=O)O,0.38189287314939796
C[C@@H]1[C@H](N2C(=O)[C@@H](O)[C@@H](NC(=O)c3ccc(O)cc3)C(=O)N2)SC1(C)C,0.33901784859400497
c1(ccc(cc1)[C@@H](O)[C@@H](NC([C@H]1N2[C@H](C(C)C)[C@H](C1=O)N2)=O)C(=O)O)O,0.4029746644094983
C[C@@H]1[C@@H](C)NC(=O)[C@@H]2N1C([C@@H](O)[C@@H]2c1ccc(O)cc1)=O,0.2924256910173505
C([C@@H]1C(N1[C@@H](C(=O)O)C)=O)(N[C@@H]1[C@H](c2ccc(cc2)O)SC(N1)(C)C)=O,0.3019769225470237
C1(=O)N2[C@@H]([C@H]([C@H](O)[C@@H]2S)C(N1)=O)C(=O)N[C@@H](C)c1ccc(cc1)O,0.25724561759223263
C(c1ccc(O)cc1)(N[C@@H]1[C@@H]([C@@H]2SC(N(C)C2=O)=O)[C@H](O)[C@@]1(C)C)=O,0.2979622115950862
O=C1N[C@H]([C@@H]2[C@@H]([C@@H]([C@H](O)[C@H]2O)O)C)C(N1c1ccc(C(=O)NC)cc1)=O,0.2620289593606992
c1cc([C@@H]2[C@H]3SC(C)([C@H]([C@@H](C(=O)O)N3C(N2)=O)C)C(=O)N)ccc1O,0.3301769549038468
c1c(ccc(c1)O)S(=O)(=O)N[C@@H]1C(N2[C@H]([C@@H]([C@H](N)C2=O)C)C1=O)(C)C(=O)O,0.2737968653355114
N[C@@]1(C)C(N([C@@H](C(=O)O)[C@H]1c1ccc(cc1)O)[C@@H]1C(NC1=O)=O)SC,0.36719414945242707
c1c(S(=O)(=O)N)ccc(c1)[C@@H]1[C@@H]([C@@H]([C@@H](C(=O)N2C(C(NC2=O)=O)(C)C)O1)O)N,0.22615377641682852
C[C@@H](NC(=O)[C@@H]1[C@@H]([C@H]2[C@@H](C(=O)N21)O)NC(c1ccc(O)cc1)=O)C,0.2713732195720247
[C@@H]1(C(=O)O)N[C@@H]2[C@H]([C@@H](NC(=O)C)[C@@H]2N(C1=O)C)c1ccc(O)cc1,0.2928588135324528
C([C@H]1[C@H]([C@@H]2[C@H](C(=O)N2C1=O)NC(=O)[C@@H](O)c1ccc(cc1)O)N)(C)C,0.24186902304398186
CC(C)[C@@H]1[C@@H](S)N2[C@H](C(=O)N[C@H]1C(=O)N2)C(=O)c1ccc(cc1)O,0.3545927361561457
c1c(ccc(c1)O)[C@@H]1N2C([C@H](NC(=O)[C@@H](NC([C@@H]1S2)=O)C(C)(C)O)C)=O,0.22149716548805803
c1c(O)ccc(c1)C(=O)N[C@@H]1[C@@H](N2C(=O)[C@@H]([C@H](NC(=O)C)[C@H]21)O)C,0.29293042917895673
CC(C)([C@@H]1[C@@H]([C@@H]([C@@H]2C(=O)N1C(=O)N2)Sc1ccc(cc1)O)C(=O)N)O,0.2510499171383834
O=C([C@@H]1[C@H]([C@H]([C@@H](O)[C@H]([C@@H]1O)NC(c1ccc(cc1)N1C(NC1=O)=O)=O)C)O)C,0.24047791947349556
C1(NC([C@@H]2[C@H]1SC([C@@H](O)[C@H]2N(C(=O)c1ccc(cc1)O)C)=O)=O)(C)N,0.31130667154450753
C1(C)([C@H]([C@H](O)[C@H](N2C(=O)[C@@H](NC2=O)C)S1)c1ccc(cc1)O)C(N)=O,0.26429296162386506
O=C([C@@H]1N2C(=O)[C@@H](C)N[C@@H]([C@H]2O)[C@H]1c1ccc(cc1)O)NC(=O)C,0.3054094009205781
C1(N[C@@H](C(=O)O)[C@@H]2[C@H](S)[C@@H](N21)C(=O)NC(C)(C)c1ccc(O)cc1)=O,0.2684741699393677
[C@@H]1(NC(=O)[C@@H]2N1C([C@@H](NC(=O)C)[C@@H]2c1ccc(O)cc1)=O)[C@@H](O)C,0.17453205629760837
C1([C@@H]2[C@@H]([C@@H](C(=O)N2C([C@@H]1S)=O)NC(=O)c1ccc(cc1)O)NC)(C)O,0.20672427477095456
O=C([C@@H]1[C@@H]([C@H](O)[C@@H]2N1C(=O)[C@@H](O)[C@H]2c1ccc(cc1)O)C)NC(NC)=O,0.18271031215642827
C[C@@H]1C(=O)N2[C@H]1[C@H]([C@@H](C(O)=O)NC(=O)[C@H]2c1ccc(cc1)O)NC,0.26347564888762587
O[C@@H]1[C@@H]2N(C([C@@H](NC(c3ccc(O)cc3)=O)C)=O)[C@@H]([C@H]([C@@H]21)C)C(=O)N,0.2572805298136792
[C@@H]1([C@@H]([C@H]([C@H](O)[C@@H](O)[C@@H]1N1C(=O)NC(=O)NC1=O)C)c1ccc(O)cc1)C,0.18828873226554793
c1cc([C@@H]2[C@H]([C@H]([C@@H]3N2C(=O)[C@@H](NC(=O)[C@H]3O)C)C)NC(=O)O)ccc1O,0.27524426082347003
c1cc(ccc1[C@H]1[C@@H]2C(N(C)[C@@H]([C@H]2S(=O)(=O)N1)C(=O)O)=O)OC(C)(C(=O)N)C,0.41506706667299126
N1([C@@H]([C@@H](O)[C@@H](O)[C@H]1S)C)C(=O)C1(C(NC(=O)N1)=O)c1ccc(cc1)C,0.2487010297199923
c1c(ccc([C@@H]2[C@@H](C(=O)N3[C@@H]([C@@H](O)[C@H](C)O3)C(=O)NC)C(=O)N2)c1)S,0.26238420387768124
O=[N+](NC([C@@]1([C@@H](C(=O)N(C1=O)C)N[C@@H]1C(C)[C@@H]1O)c1ccc(cc1)O)=O)[O-],0.46625053433477065
N(C([C@@H]1[C@H](O)[C@@H]2[C@H](C(=O)N2[C@@H]1C(=O)NC)C)=O)c1ccc(cc1)S,0.2977368354906799
[C@@H]1(C(=O)N2[C@H](C(=O)NC(C)(C)C(=O)O)[C@H](O)[C@H]21)NS(c1ccc(cc1)O)(=O)=O,0.2518642198639167
O=C1N[C@H]([C@@H]([C@@H]2[C@H]1C(=O)N2C(C)(C)C(=O)N)Sc1ccc(O)cc1)O,0.2361131016333994
N1[C@@H]([C@@H](C(=O)O)N2[C@@H]1C(N[C@@H](C(C)(C)C)c1ccc(O)cc1)=O)SC2=O,0.35859092619479427
N1(C([C@H]2NC(=O)[C@@H]([C@@H]2c2ccc(cc2)O)SC1(C)C)=O)[C@H](C(=O)O)N,0.26869652804944066
C(C)([C@@H]1[C@@H]2N([C@@H](C(=O)N)C(N2)=O)[C@H]([C@@H]1c1ccc(O)cc1)C)=O,0.36246134065704094
c1c(ccc(c1)S(=O)(=O)N)[C@@H]1[C@H]([C@@H](C(=O)O)N2C(C(C)(C)[C@H]21)=O)NC(=O)O,0.20323773413607113
O=C1N[C@@H]([C@H](O)[C@@H]1O)C(=O)N1[C@H](C(=O)N[C@H]1c1ccc(cc1)O)C(C)C,0.18587407372033857
O=C(c1ccc(O)cc1)N[C@@H]1C(=O)N2[C@H]([C@H](C)N[C@@H](C(=O)O)[C@@H]12)C,0.3349416882438167
[C@@]1(C)(C)[C@@H]2C(N1C([C@H](O)[C@H]2NC(=O)c1ccc(cc1)O)=O)SC(N)=O,0.32897518918817115
C1(C(=O)N([C@@H]2[C@@H]([C@H]([C@H](O)[C@@H]2O)NC(=O)c2ccc(cc2)O)C)C(=O)N1)=O,0.2265448225608018
[C@H]1(C(=O)N2[C@H]([C@@H](O)[C@H](O)[C@H]2S1(=O)=O)C)NC(=O)C(C)c1ccc(cc1)O,0.23110072453535616
c1(ccc(cc1)C1([C@@H]([C@H]2N(C(=O)[C@@H](NC([C@H](C)N)=O)C)C(S2)=O)C1O)O)O,0.41395295404883864
O=C1[C@H](N2[C@H]([C@H](O)[C@@H](N2)C(=O)O)C1=O)N[C@H](C)c1ccc(cc1)C(C)(C)O,0.4359243769660996
c1c(C(=O)N[C@@H]2C(=O)N3[C@H]([C@@H]([C@@H]([C@H]32)O)O)C(NC)=O)ccc(c1)SC,0.23641479201563986
c1(ccc(cc1)[C@@]1(C(=O)NC(N1)=O)C(=O)N1[C@H]([C@@H](O)[C@H]([C@H]1C)O)C)O,0.25952889397382484
C1(=O)[C@@H]([C@@H]2[C@@H]([C@@H]([C@H](C)O2)C(=O)O)N1C(=O)N)NC(=O)c1ccc(cc1)S,0.2564452884941429
C1(NC([C@H]([C@@H](O)[C@@H]1O)NC([C@@H]1C(C)(C)N1S(=O)(=O)c1ccc(cc1)O)=O)=O)=O,0.22661345147521905
c1(ccc(O)cc1)N1[C@@H](C(N[C@@H]2[C@@H](SC1(C)C)[C@H](NC2=O)C(=O)O)=O)C(=O)O,0.33300294657502544
C1([C@H]([C@@H]([C@H](O)[C@@H]2N1C([C@@H](NC(c1ccc(O)cc1)=O)[C@@H]2N)=O)C)C)=O,0.253314359561534
c1c(ccc([C@@H]2[C@H]3[C@H]([C@@H]([C@@H]([C@H]2N3C(=O)C)NC(=O)C)NC(=O)C)O)c1)O,0.26609840385519534
c1c(ccc(c1)[C@@H]1N2C(=O)[C@H]([C@H](O)[C@@H]2C(=O)N[C@@H]1C(=O)NC)O)C,0.2603686948840891
N1C([C@@H]2[C@@H](C(=O)N2C1=O)[C@@H](c1ccc(cc1)O)N[C@@H](C(O)=O)[C@H](C)C)=O,0.30649969093744606
C1(N(C)[C@H]([C@@H]([C@H](O)[C@H]1O)C(=O)N[C@@H]1C(NC1=O)=O)c1ccc(cc1)O)=O,0.3689861859446783
C1([C@H]([C@H]([C@@H]([C@@H](C)O1)NC(=O)c1ccc(cc1)S)N1C([C@H](O)C1=O)=O)N)=O,0.2753132965613999
c1([C@H]2[C@H]([C@H](O)[C@H]3[C@@H](C(=O)N32)NC(=O)[C@H](C)NC(=O)C)O)ccc(O)cc1,0.2568041718187319
[C@@H]1(O)[C@@H]([C@H]([C@@H]([C@@H]([C@H]1NC(=O)C)N1C(=O)NC1=O)c1ccc(cc1)C)O)O,0.2551316748590503
C[C@@H]1[C@@H](O)[C@@H](C)N2C(=O)[C@H](NC(=O)c3ccc(cc3)O)[C@@H](NC2=O)C1=O,0.2789028290358586
[C@@H]1(c2ccc(O)cc2)[C@@H]2C(NC(=O)[C@@H](O)[C@@H]2N1C(=O)C(C)(C)N)=O,0.3334394349562887
O=C1NC([C@@H]([C@@H]2[C@@H]([C@@H]([C@@H](O)[C@@H]2N1C(=O)C)O)C)NC(c1ccc(cc1)O)=O)=O,0.2675612400041821
c1c(ccc(O)c1)[C@H]1NC([C@@H]2N1C([C@@H]([C@@H]2SC(C)(C(O)=O)N)C)=O)=O,0.31187001656127405
C1(c2ccc(cc2)O)(C)[C@@H]([C@H]([C@H]([C@@H](C(O)=O)N1C(=O)[C@@H]1NC(=O)NC1=O)C)O)C,0.2624967996501319
C[C@@H]1[C@@H]2[C@@H]([C@@H](O)[C@@H](O)C1(N2C(=O)c1ccc(cc1)C)C(NC)=O)NC(=O)[O-],0.31742954086337444
CC([C@@H]1[C@@H]2[C@@H]([C@@H](C(=O)O)N2C(=O)[C@@H]1NC(=O)c1ccc(cc1)O)NC)=O,0.2011358612280423
C[C@H]1[C@H]([C@@H]([C@@H]2[C@@H](C(=O)N21)NC(=O)c1ccc(cc1)O)NC(=O)C)O,0.202477506659683
c1c([C@H](NC(=O)[C@@H]2[C@@H]3[C@@H](S2)C(=O)N(C3=O)C(C)(C)O)N)ccc(c1)O,0.22340639190874315
[C@@H]1([C@@H]([C@@H]([C@@H]([C@H](O)[C@@H]1N1C(NC(C1=O)=O)=O)C)NC)c1ccc(cc1)O)O,0.21373215123128164
S(N[C@@H]1C(C)[C@@H]2[C@@H](C(N2C1=O)=O)[C@@H](c1ccc(cc1)O)N)(=O)(=O)C,0.41440631451801235
O=C1N[C@@H]2[C@@H]([C@H](O)C(O)([C@H]2C(N1)=O)C)N(C(=O)c1ccc(cc1)SC)C,0.36316930106446005
[C@@H]1(C)NC([C@@H]2[C@H](C(=O)N2C1(c1ccc(cc1)O)C(=O)N)SC)=O,0.36961799379806
C[C@H]1[C@@H]([C@@H]2[C@@H](N1C(=O)[C@H](C)NC(=O)c1ccc(cc1)O)C(N2)=O)O,0.2178011170294691
O=C(N[C@@H]1[C@@H]([C@@H](O)[C@@H]2N1C(=O)[C@@H](c1ccc(cc1)O)NC2=O)C)C,0.208146599265701
c1cc(ccc1C(=O)N[C@@H]1C2N(C([C@@H](O)[C@@H]2C(O)=O)=O)[C@@H]([C@@H]1N)C)C,0.24192003396841377
c1cc(ccc1O)[C@@H](NC([C@H]1[C@@H]([C@@H]2C(=O)N1C(=O)[C@@H]2O)N)=O)C,0.27200711000096717
N1[C@@H]2C(N([C@H]([C@@H]([C@@H]2c2ccc(cc2)O)S1)C(=O)NC(C)(C)C(O)=O)C)=O,0.29906102425508446
[C@H]1(N2C([C@@H]([C@H]1SC(c1ccc(O)cc1)=O)[C@@H]2C(=O)NC(C)(C)O)=O)N,0.34903744589816016
O=C1N[C@]([C@H](N1C(C)=O)[C@@H](O)[C@@H]1[C@H](c2ccc(O)cc2)NC([C@H]1C)=O)=O,0.3682195724591724
c1cc([C@@H]2[C@@H]([C@H]3N2C([C@H](O)[C@@H]3C(=O)O)=O)NC(=O)[C@H](C)N)ccc1C,0.2282079533459425
C([C@@H]([C@@H]1[C@@H]2[C@@H]([C@H](O)[C@@H](N2C(=O)N1)C)C(=O)O)c1ccc(cc1)O)(NC)=O,0.2584544914168737
[C@@H]1(NC(N[C@@H]2C(=O)N(C(=O)[C@@H]2c2ccc(O)cc2)[C@@H]1C(C)(O)C)=O)S,0.26627181695287216
C([C@@H]1[C@@H]([C@@H]2[C@@H](O)[C@H]([C@@H]2N1C(=O)C)NC(c1ccc(cc1)O)=O)C)(=O)N,0.2588000915183947
O=C1[C@@H]([C@H]2[C@H](N1C([C@@H](NC(=O)c1ccc(cc1)O)C)=O)[C@@H]2O)N,0.2855157903062873
c1c(O)ccc(C(=O)NC([C@@H]2[C@@H]([C@H]3[C@H](N2C(=O)[C@@H]3N)C)C(=O)O)S)c1,0.33789508302436716
c1c(ccc(c1)C(N[C@@H]1[C@@H]2N(C([C@@H](O)C2=O)[C@@H]1O)C(=O)C)=O)SN,0.393498172176396
[C@@H]1(NC(=O)[C@@H]2SC(N([C@@H](C)C)C2=O)=O)[C@@](c2ccc(O)cc2)(O)N1,0.2917720416801143
O=C(N[C@H]1[C@@H]([C@H]2[C@@H](SC(N2C1=O)=O)c1ccc(O)cc1)N)[C@@H](C)O,0.27183021083805303
[C@@H]1(C(N)=O)N2[C@H]([C@@H](C(C)(C)O)C2=O)S[C@H]1c1ccc(cc1)NC(=O)O,0.3579171609388938
C1([C@@H]2[C@H](N1C([C@@H](C)NC([C@H](C)c1ccc(O)cc1)=O)=O)[C@H](C2=O)O)N,0.3792891396636033
c1(ccc(cc1)[C@@H]1NC(N(C([C@@H]2[C@@H]([C@H]([C@H]2O)O)C)=O)C1=O)=O)NC,0.3375519876114657
C[C@@H]1NC([C@H](C)N2C([C@@H](C(O)=O)NC(=O)[C@H]21)(O)c1ccc(cc1)SC)=O,0.4111995540708002
[C@@H]1(C(N2[C@H](C(C)(C)C2=O)SC1)=O)NC(=O)[C@@H](O)[C@@H](O)c1ccc(cc1)N,0.2904441435851768
c1(ccc(C(N[C@@H]2C(=O)N3[C@@H]([C@@H]([C@H](O)[C@H]2C)O)[C@H](C)NC3=O)=O)cc1)O,0.26136040160013835
[C@H]1(C(O)=O)N[C@@H]2[C@H]([C@@H](C)NC2=O)N([C@H](C)c2ccc(cc2)O)C1=O,0.33570549295359686
C1(=O)[C@@H]2N(C([C@@H](NC(=O)[C@@H](O)C)[C@@H]2O)=O)[C@@H](C)[C@H]1c1ccc(O)cc1,0.3013702364623974
C([C@H]1[C@@H]([C@@H]([C@@H]2N1C(=O)[C@@H](C)NC2=O)C)O)(=O)Nc1ccc(cc1)O,0.20787065727878978
c1c(ccc(O)c1)[C@H]1[C@H]([C@H]2[C@@H](O)[C@H](C(=O)N2C)NC1=O)NC(=O)C,0.3476630333594409
O[C@@H]1[C@H]([C@@H]2NC(=O)[C@@H](N2C(=O)[C@H]1c1ccc(cc1)O)C(=O)N)C,0.26447855826181893
O=C1N([C@@H](C(=O)O)[C@@H]2[C@H]1[C@@H]([C@@H](C)O2)C(=O)NC)c1ccc(cc1)S,0.2459818002723557
N1[C@H]([C@H](O)[C@H]([C@@H]1c1ccc(cc1)O)N1C(=O)[C@@H](C)SC1=O)C(=O)N,0.23520795240462644
O=C([C@@H]1N2[C@H](C(=O)O)[C@H](O)[C@H](C)SC2(C)C1=O)Nc1ccc(cc1)O,0.2731708078807664
N[C@@H]([C@@H]1[C@@H]2[C@@H](S2(=O)=O)NC(=O)N1C(C)(C(=O)O)C)c1ccc(O)cc1,0.31606930771274894
C1(=O)NC([C@H]2[C@H](c3ccc(cc3)O)[C@@H]([C@@H]([C@@H]2O)N1C(=O)C)C(=O)N)=O,0.274509353494765
O=C([C@@H]1[C@@H]2[C@@H]([C@H](O)[C@H](O)[C@@H]2N1C(C)=O)NC(=O)c1ccc(O)cc1)C,0.2508195626752224
c1cc(ccc1[C@@]1(C(=O)N2[C@@H]([C@@H](O)[C@H](O)[C@H]2S1)C(=O)NC)C)C(=O)NC,0.24932636845927805
[C@@H]1(C(O)=O)[C@@H]2C(NC([C@H]2N1C(=O)C)=O)(C)S[C@H](c1ccc(cc1)O)N,0.422735536590566
O=C(C1(NC(=O)[C@H]2N1[C@H]([C@H](S)C2=O)C)N[C@@H](C)c1ccc(O)cc1)O,0.37061412226409807
[C@H]1(NC([C@H](N2C(=O)[C@H]([C@@H]([C@@H]21)NC(=O)c1ccc(cc1)O)O)C)=O)C,0.32971052138294177
O[C@@H]1[C@@H](C(=O)N2[C@@H]1C(N[C@H](C(c1ccc(O)cc1)=O)C)=O)SC(C)(N2)C,0.3811570632467865
c1c(ccc(O)c1)[C@@]1([C@H]2[C@H](C(=O)N1C([C@@H](NC(=O)C)C)=O)SC(N2)O)O,0.25497140799017404
C[C@@H]1[C@@H]2[C@@H](N(C(=O)[C@@H]2N1)C(C(=O)NC)(O)c1ccc(O)cc1)C(=O)SC,0.3603824748802228
O=S(=O)(N[C@@H]1C(=O)N2[C@H]([C@H]([C@@H]1c1ccc(O)cc1)NC(=O)C2(C)C)O)C,0.28741633955982393
c1cc(ccc1[C@@H]1NC([C@@H]2[C@@H]([C@H](O)[C@@H](N2C(=O)[C@H]1NC)C)O)=O)C(=O)O,0.2569115465858013
N1([C@H]2[C@H](C(=O)O)[C@H]([C@H]1SC(C)(C)C2=O)NC(=O)c1ccc(cc1)O)C(N)=O,0.32918055501016813
O=C1C(N)([C@@H]2[C@H](SC(N2C([C@@H](N1)C(O)=O)=O)c1ccc(cc1)O)[Si](C)(C)C)N,0.377235908482009
c1cc(ccc1O)[C@@H]1[C@@H]2[C@@H]([C@@H](C(=O)N2C([C@@H]1O)=O)NC(C)=O)NC,0.25512072415169523
c1cc(ccc1C(NC1C(N2[C@H](C(=O)O)[C@H]([C@H]([C@@H]21)O)NS(=O)(=O)C)=O)=O)C,0.25052751151822494
[C@@H]1(NC([C@@H]2C(C)([C@@H](N2)C(=O)O)C1=O)=O)c1ccc(S(=O)(=O)N(C)C)cc1,0.35376641793081864
c1cc(ccc1O)C(=O)N[C@@H]1C(=O)N2[C@H](C(=O)N[C@@H]1C(O)(C)C)[C@H]2S,0.24160415784098008
c1(ccc(C(=O)NC2[C@H]3[C@@H](S)[C@H]([C@@H](C)O3)C(N2C)=O)cc1)C(O)=O,0.38069292537188537
C[C@@H]1[C@@H]([C@@H]2[C@@H]([C@@H](O)[C@@H](N2C(=O)c2ccc(cc2)C)C(=O)N1)C(=O)O)N,0.22346133227228726
C[C@H]1[C@@H]([C@@H]2[C@@H]([C@H](O)[C@@H](C(O)=O)N2C1=O)C)NC(=O)c1ccc(O)cc1,0.2662305879422565
c1cc(ccc1[C@@H]1[C@@H]([C@@H](C(=O)N)N2C(=O)[C@H](O)[C@@H](O)[C@@H]12)C)C(NC)=O,0.27381921664178643
C[C@@H]1[C@H]([C@@H](c2ccc(O)cc2)NC(=O)[C@@H]1[C@@H]1C(=O)N(C(N1)=O)C)O,0.2765146105908535
c1(ccc(cc1)O)C(C(=O)N[C@H]1[C@@H]2[C@@H]([C@H]([C@@H](O)[C@@H]2N1C)NC(=O)C)C)=O,0.3301352131437568
C1(=O)[C@@H]([C@@H](N2C(=O)[C@@](O)(C(=O)NC)C([C@H]2N1)O)[SH+]c1ccc(cc1)O)C,0.5338819198477935
[C@H]1(N)[C@@H]2N(C([C@@H](S2)C)=O)[C@H](c2ccc(O)cc2)C(NC(=O)C)(C1=O)O,0.4004008119574658
C[C@@H](C(=O)N[C@@H]1[C@@H]2[C@@H](N2C(=O)[C@@]1(C)C(N)=O)O)O,0.4791523613762464
C1(C)(C)[C@H]([C@@H]2[C@H](C(=O)N2C1=O)NC([C@@H](O)c1ccc(cc1)S)=O)N,0.3053902365317966
C[C@@H]1[C@@H]([C@@H](c2ccc(cc2)O)N1C(=O)[C@@H]1C(NC([C@@H]1O)=O)=O)C,0.39153922411803077
c1c(ccc(c1)C(NC1[C@H]([C@@H]([C@H]([C@@H](C)O1)O)N1C(=O)[C@@H](N)C1=O)C)=O)S,0.25697040989139713
c1cc(ccc1O)C(N[C@@H]1C(=O)N2[C@@H]([C@@H](C)O)[C@@H]([C@@H]2S1(=O)=O)C(N)=O)=O,0.21941329508132051
O=C([C@H]1[C@H](S)[C@H]2N(C(=O)[C@@](c3ccc(O)cc3)(C)C)[C@H](C(N2)=O)N1)O,0.3773151302338426
C[C@@]12SC(C(=O)NC)[C@@H]([C@@H]([C@@H]2O)N1C(=O)c1ccc(cc1)O)NC(=O)C,0.35514058854329894
C1(=O)N2[C@H](C(=O)N[C@H](C(O)=O)[C@@H]2[C@H]1c1ccc(cc1)O)[C@H](NC)C,0.2606970909247249
O=C(O)[C@@H]1[C@@H]2[C@H](N(C(C)(C)C(=O)N2)[C@H]1c1ccc(cc1)O)SC(N)=O,0.29827446564805576
c1c(ccc(c1)C(N[C@@H]1C(=O)N2[C@H]([C@H]([C@@H]1S2)C(=O)NC)C(=O)O)(C)C)O,0.2646017134266276
c1cc(ccc1S(=O)(NC([C@@H]1[C@H]2[C@@H]([C@@H](C(=O)O)N1C2(C)C)O)=O)=O)C(=O)N,0.3219555412607338
[C@@H]1(NC(=O)[C@@H]2[C@H]1SC(N2C(=O)[C@@H](N)C(C)(C)C)=O)c1ccc(O)cc1,0.20472838490097892
C1([C@@H]([C@@H]([C@@H]([C@@H]2N1[C@@H](C(NC)=O)C(=O)N2)c1ccc(O)cc1)O)C)=O,0.30632271866747846
[C@@H]1(C)N[C@H](C(N[C@@H]2C(=O)N(C(=O)[C@@H]21)C)=O)[C@H](c1ccc(cc1)O)O,0.2476668278260883
C1([C@@H]([C@H](O)[C@H](C(=O)N2[C@@H]([C@H](c3ccc(cc3)O)C(N2)=O)N1)C)C)=O,0.2881269826068875
[C@H]1(O)[C@@H](C(=O)N2[C@H](C(=O)O)[C@H](C)SC12)NC(=O)c1ccc(cc1)N,0.28378133016531265
c1cc(ccc1C([C@H]1[C@H]([C@@H](SC(=O)N1)C)[C@@]1(C(N(C)C(=O)N1)=O)C)O)O,0.3703167573805069
S(=O)(c1ccc(cc1)C(NC1[C@@H]2[C@@H](C(=O)N2[C@@H]([C@H]1NC(=O)C)C)O)=O)(=O)O,0.3179753327036849
O=C(c1ccc(cc1)O)N[C@H]1[C@@H]2N(C([C@H](O)[C@H]2S1(=O)=O)=O)C(C)(C)C(=O)N,0.22533300144090815
c1c(ccc(O)c1)[C@@H]1[C@@H](N2C([C@@H](NC(=O)[C@H](O)[C@H]2C)[C@H]1NC)=O)C(=O)O,0.32788078647195285
c1(ccc(cc1)[C@@H]1[C@@H]([C@@H]([C@@H](O)[C@@H]1O)N1C(=O)[C@H](C)NC1=O)C)C(N)=O,0.20087994672599851
C(C1N[C@@H]([C@H]([C@@H]1S)NC(=O)c1ccc(cc1)O)C)(=O)[C@@]1(C)N(C1=O)O,0.35959133483883643
c1cc(ccc1[C@]1(NC([C@@H]2N1C([C@@H](C2=O)NC([C@H](O)C)=O)=O)C)O)S,0.2933983833429989
[C@@H]1(c2ccc(cc2)O)N[C@@H]([C@@H](O)[C@@H]1C(=O)N)[C@H]1C(=O)N(C(=O)C)[C@@H]1C,0.28368334052161737
C1([C@@H](N2[C@@H]([C@H](O)[C@H](O)C2=O)S1)NC(=O)c1ccc(cc1)C(N)=O)(C)C,0.3793218892091397
[C@@]12(C)NC([C@H](N2C(=O)[C@@H](NC([C@@H]1S)=O)C(=O)O)C)c1ccc(O)cc1,0.3032580668228264
c1c(ccc(S(=O)(N2[C@H]3[C@H]([C@@H](O)[C@H](NC3=O)C)C(=O)NC2=O)=O)c1)O,0.3120139326808066
c1(ccc(cc1)[C@@H]1[C@H]([C@H]([C@@H]([C@@H](C)O1)N1C(=O)NC(C1=O)=O)N)C)O,0.2498375504745696
O=C1N[C@H]([C@@H](O)[C@@H]1O)C(=O)N1[C@H](C(=O)N[C@@H]1C)c1ccc(O)cc1,0.24915054119094376
c1c(ccc(c1)O)C(N[C@@H]1C2N(C1=O)[C@H](C(=O)N[C@@H](C)C)[C@@H]2O)=O,0.25950738418855646
O=C(N[C@@H]1C(=O)N2[C@H](C(=O)N[C@@H]2C1(C)C)SC(c1ccc(cc1)O)O)[O-],0.3092637586085285
[C@@H]1(C(N[C@]2(C(=O)N2[C@H]1c1ccc(O)cc1)C(O)=O)=O)N[C@H](C)C(SC)C,0.4059771220829942
O=C1NC([C@@H]([C@H]2[C@H]([C@@H]([C@@H]([C@H](O)O2)NC(c2ccc(cc2)C)=O)O)N1C)C)=O,0.3203664585572145
c1cc(ccc1[C@@H]1N2C([C@@H]([C@@H](C1=O)NC(=O)[C@H](N)C)[C@@H]2O)=O)O,0.2957267937908901
[C@@H]1([C@@H]2[C@H]([C@H](C)N1C(=O)C)O)N[C@@H]([C@H](O)C2=O)c1ccc(cc1)C(=O)N,0.3611204960134802
c1c(ccc(c1)S)[C@@H](NC(=O)[C@H]1[C@H]2[C@@H]([C@@H](O)C(N2C(=O)N1)=O)O)C,0.4070125500889583
c1(ccc(cc1)O)[C@@H]1[C@@H]([C@H]([C@@H](C(=O)N2C(C(=O)O)(SC2=O)C)N1)N)C,0.26787297979490965
C1(NC(=O)[C@@H]2[C@@H]([C@@H](S2)C)[C@@H](C)N1C(=O)C(c1ccc(cc1)O)N)=O,0.3604689187702054
O=C(C(c1ccc(O)cc1)NC([C@H]1[C@@H]2[C@H]([C@H](C)S2)N1C(=O)[C@@H](C)O)=O)N,0.3340435675800487
S(=O)(=O)(N[C@@H]1[C@H]([C@@H]2C(=O)N(C(C)(C)C(N)=O)[C@@H]21)c1ccc(cc1)O)O,0.2721849007671864
c1cc(O)ccc1[C@@H]1[C@@H]2[C@H](N(C([C@@H]2S)=O)C(C)(C)C(=O)N1)C(=O)N,0.2780045137266203
[C@@H]1(C(=O)N2[C@@H](C(=O)NC(C)C)[C@@H]([C@H]21)S)c1ccc(cc1)OC(=O)N,0.24261042271274597
C([C@]1(C(=O)N2[C@H](C(=O)N[C@@H]2C(O)=O)[C@@H]1[C@@H](O)C)c1ccc(cc1)O)(NC)=O,0.35911838957639547
O=C1[C@@H]2C(C)([C@H](N2C([C@@H]1NC(=O)[C@@H](c1ccc(O)cc1)N)=O)C)S,0.39019917740618054
O=C1[C@@H]([C@@H](O)[C@@H]2[C@H]([C@@H](N2C(=O)c2ccc(cc2)O)C(=O)N)N1)SC(C)(C)C,0.2813500373314319
C1([C@@H]2[C@H]([C@H]([C@H]([C@@H](N2C(C)=O)O)O)N1)C(=O)N[C@@H](C)c1ccc(O)cc1)=O,0.31192726234269846
c1c(ccc(O)c1)[C@@H]1C(N2[C@@H](C(=O)N[C@@H](C(=O)O)C)[C@H]([C@H]21)C)=O,0.259258922189932
C[C@@H]1[C@@H]([C@@H]([C@@H](O)[C@@H]1O)NC(=O)c1ccc(cc1)O)N1C(=O)NC(C1=O)(C)C,0.1513137171967238
c1c([C@@H]2[C@@H]3SC(C)([C@@H]([C@@H](C(=O)O)N2C3=O)NC(=O)C)N)ccc(O)c1,0.34950090956838
C1(C(C(NC(=O)NC)(S[C@@H]1c1ccc(cc1)O)[C@H](N(C)C)[PH](=O)(O)=O)=O)=O,0.36892139483410386
O=C1[C@H]([C@@H]([C@@H](C(N1)=O)N)O)N1C([C@H](SC1=O)c1ccc(cc1)O)(C)C,0.3161794966017984
[C@@H]1(NC(=O)[C@@H]2N1C(=O)[C@@H]([C@H]2c1ccc(O)cc1)NC(=O)C(C)(C)S)O,0.21293623494606614
O=C([C@H]1[C@H](N2C(=O)[C@@H](NC([C@@H]21)=O)[C@@H](C)O)C)c1ccc(cc1)O,0.3098544640058506
O=C([C@H]1N2C(=O)[C@H](NC(=O)C)[C@H]([C@H]2S1)c1ccc(cc1)O)[C@H](C)O,0.36140466402796406
c1(ccc(O)cc1)[C@@H]1[C@@H]([C@@H]([C@@H](S1)C(NC1(C(=O)N(C)C(=O)N1)C)=O)O)C,0.2816803834485995
N([C@H]1[C@@H](C(=O)N2C1S(=O)(=O)C(c1ccc(cc1)O)([C@H]2C(=O)N)O)C)C(=O)[O-],0.401577724326192
O=C([C@@H]1[C@H]([C@H]([C@H](O)[C@@H]1c1ccc(O)cc1)N)NC(=O)C)N1C(SC1=O)(C)C,0.27338903792073876
C1(N[C@H](C(N[C@H]2[C@@H](C)[C@@H](c3ccc(O)cc3)N(C)C2=O)=O)[C@@H](O1)C)=O,0.33060929115090726
C1(=O)N(C([C@H]2[C@@H]([C@@H]([C@@H]([C@@H](O)[C@H]2O)O)C)C(N1)=O)=O)c1ccc(cc1)C,0.24883732160060248
C1(=O)N2[C@H](C(=O)N[C@@H](C(=O)O)[C@@H]([C@@H]2c2ccc(cc2)O)N1)SC(C)(C)C,0.21713133460412623
O=C1N[C@@H]([C@H](N1C(=O)c1ccc(O)cc1)[C@@H]1[C@H]([C@@H](O)[C@H]1C)C)C(N)=O,0.3452849005908747
C(N)([C@@H]1C([C@@H]2[C@H](C(O)=O)N1C([C@@H]2Sc1ccc(cc1)O)=O)(C)C)=O,0.33081493885585106
c1c(ccc(c1)C(=O)N[C@@H]1[C@H]([C@H]2N1C([C@@H](O)[C@@H]2C(=O)NC)=O)C)O,0.281470335489682
c1(ccc(cc1)[C@@H]1C(N2C([C@@H]([C@@H]([C@@H]2S1)NC(C)=O)N)=O)(C(O)=O)C)O,0.267571621829141
C1([C@H]([C@H]([C@@H]([C@H]([C@@H]2N1C(=O)[C@H](O)N2)NC(c1ccc(cc1)O)=O)C)C)O)=O,0.2589787669084034
c1(ccc(cc1)O)C(N[C@@H]1[C@H](C(=O)N2[C@H](C(O)=O)[C@@H](C)[C@@H]21)NC)=O,0.3136067361203933
c1cc(ccc1[C@@H](NC([C@@H]1C(C)(SC2[C@H](N12)C(O)=O)C(=O)N)=O)C)O,0.297056320204809
[C@@H]1(C(=O)NC(C)(C)C(=O)N1C)[C@@H]1[C@@H](c2ccc(O)cc2)SC(N1)=O,0.28616552144500856
c1c(ccc(c1)S(NC1C(=O)N2[C@@H]([C@@H](O)[C@H]2[C@H]1C(=O)N)C(=O)O)(=O)=O)C,0.3473816683176273
c1cc(C(=O)N[C@@H]2C(N3[C@H](SC(C)([C@H]3C)[C@@H]2O)C(=O)N)=O)ccc1O,0.3157485738631558
[C@@H]1(C(=O)N2[C@H]([C@H](O)C(C)(C)C2=O)SC1NC(=O)c1ccc(cc1)O)N,0.3038831018825625
O=C1N[C@@H]([C@@H](O)[C@H]1c1ccc(O)cc1)[C@@H]1C(N(C(N)=O)C(C)(C)S1)=O,0.3364293285303039
O=C(c1ccc(O)cc1)N[C@@H]1[C@H]([C@H]([C@@H]2C(=O)N1C(C)(S2)C)C(=O)N)O,0.26515710777508017
[C@@H]1(NC([C@H]2N1C([C@@H](C)[C@@H]2S(=O)(c1ccc(cc1)O)=O)=O)=O)C(C)O,0.28384118643569667
[C@@H]1(C)NC([C@@H]([C@H](O)C)[C@@H]2N1[C@@H](C2=O)C(=O)NC(c1ccc(O)cc1)=O)=O,0.33823472800435445
O[C@@H]1C(N[C@@H]2[C@@H](c3ccc(cc3)O)[C@@H](N2C(=O)[C@@H](NC1=O)C)C)=O,0.322571442961187
c1c(ccc(c1)O)[C@@]1(C(=O)N(C(=O)[C@@H]1NC([C@@H]1[C@H](C(=O)N1)C)=O)S)O,0.3463478063772267
[C@@H]1(C(=O)N2[C@@H]([C@H](O)[C@H](O)[C@@H]2C1=O)C)NC(=O)c1ccc(cc1)O,0.24879811900720727
C([C@H]1[C@@H](O)[C@@H]([C@@H](c2ccc(cc2)O)N2C(=O)[C@H](NC2=O)C)NC1=O)(C)=O,0.303840614954421
c1(ccc(C(=O)N[C@@H]2C(=O)N3[C@H](C(=O)O)[C@H]([C@@H]([C@H]32)O)NC(C)C)cc1)O,0.22355841719882139
c1c([C@@H]2N3C([C@@H]([C@H](C)O)[C@@H]([C@H]3S2)C(=O)NC)=O)ccc(c1)NC(=O)O,0.2780559236035677
c1c(ccc(c1)[C@H]1[C@H]([C@@H]2[C@H]([C@H](C)O2)N1C(=O)[C@H](C)NC(=O)O)C(=O)N)O,0.30591749906121646
c1c(ccc(C(=O)N[C@@H]2C(=O)N3[C@@H]([C@H](O)[C@H](O)[C@H]3C)C(=O)N2)c1)S(=O)(C)=O,0.20906220162522338
N1C(=O)[C@@H]2[C@@H](C(=O)N2[C@@H](c2ccc(cc2)O)C(=O)N[C@@H](C)C)[C@H]1S,0.2791727392296984
O=C(N[C@@H]1[C@@H]2[C@@H](C(=O)N2[C@@H](C(=O)N)[C@@H]1C)O)c1ccc(cc1)O,0.2907060354240069
CN1[C@H]([C@H]([C@@H](O)[C@@H]1S(=O)(=O)c1ccc(O)cc1)NC(C)=O)C(NC)=O,0.30628664569455377
[C@@H]1(C(=O)O)N2C([C@@H](SC1(C)C)[C@@H]2C(=O)N[C@@H](c1ccc(O)cc1)N)=O,0.27399440479466103
O=C1N[C@@H]([C@H]([C@@H]1O)O)C(N[C@@H](C)c1ccc(cc1)S(N1C(C)(C1=O)C)(=O)=O)=O,0.21869568494339922
c1cc(ccc1O)[C@@H]1N2C([C@@H](NC([C@@H](NC([C@@H]2[C@@H]1C)=O)C)=O)O)=O,0.2302524879763467
C1(N[C@]([C@@H]2N1C([C@@H]([C@@H]2c1ccc(O)cc1)[C@H](NC(=O)C)C)=O)O)=O,0.34929807263432927
c1cc(ccc1[C@@H](C)N1[C@H]([C@H](C(=O)O)NC1=O)[C@@H]1[C@@H](C(=O)N1)C)O,0.340089553569325
C1(N)[C@@H](C(=O)N2[C@@H](C(=O)O)[C@@H]([C@H](C)O2)c2ccc(cc2)C)S(=O)(NC1=O)=O,0.3165574379128805
C1(=O)N[C@@H]([C@@H](O)[C@@H]2[C@H]1N2C(=O)[C@H](C)NC(=O)C)c1ccc(O)cc1,0.3061271667180727
O=C1NC(C(N1[C@@H]1[C@@H]([C@H](O)[C@@H](S1(=O)=O)C)C)=O)(c1ccc(cc1)O)N,0.24501828720862207
N1[C@H](C(=O)NC)[C@@H]2[C@@H](SC(N([C@@H]2c2ccc(cc2)O)C(C)=O)=O)[C@@H]1C(=O)O,0.2981747244769228
C[C@@H]1[C@@H]2[C@@H](C(N2[C@H](C(=O)O)C)=O)N[C@]1(O)C(=O)NC(c1ccc(cc1)O)=O,0.3273163384776149
C(N[C@@H]1[C@@H]([C@H](O)[C@@H]2N1C(=O)[C@@H](C2=O)NC(=O)c1ccc(O)cc1)C)(=O)C,0.2138222337597934
C1([C@H]([C@@H]([C@@H](O)[C@@H](O)[C@@H]1O)NC(c1ccc(cc1)N1C(=O)NC1=O)=O)C)=O,0.17523671521046152
c1cc(ccc1C(=O)NC)SC1C(N2[C@H](C(=O)N[C@@H]1[C@@H]2O)[C@@H](O)C)=O,0.354197958588424
O=C(N[C@H]1[C@@H]([C@@H]([C@@H]2[C@H]1C(N2c1ccc(O)cc1)=O)C)C(=O)NC)O,0.3086906851539257
[C@@H]1([C@@H]([C@@H](O)[C@H]([C@@H]1NC(=O)C)O)N1C(=O)NC(C1=O)=O)c1ccc(cc1)O,0.22280639893789192
c1c(ccc(c1)O)C1[C@@H]2[C@@H](N1C([C@H](C)NC([C@@H](N)C)=O)=O)[C@@H](O)C2=O,0.25213872934024967
N1(C([C@H]2[C@@H](C1=O)[C@H](NC(=O)[C@H](c1ccc(O)cc1)[C@@H]2O)C)=O)C(N)=O,0.3927617701171248
O=C1NC([C@@H]2[C@@H]([C@](c3ccc(cc3)O)=O)N[C@@H](C(=O)O)[C@@H](C)N21)(C)C,0.34250617773841635
c1(ccc(cc1)[C@@H]1NC([C@@H]([C@@H](C(=O)O)N1)C)=O)C1(S(=O)(=O)N(C)[C@@H]1C)O,0.35383457364319043
c1cc(ccc1[C@@H]1[C@@H]2N(C([C@@H](O)[C@H]2SC1(C)C)=O)C(NC)=O)O,0.3095577111713934
O=C(N[C@@H]1C(=O)N2[C@@H]([C@@H](O)[C@H](C)S2)C1=O)N[C@@H](C)c1ccc(O)cc1,0.24854054238395848
[C@@H]1(C(=O)N2[C@@H]([C@H](O)[C@@H](O)[C@@H]2c2ccc(C)cc2)C(N1)=O)NC(=O)C,0.19990052670260197
O=C(N[C@@H]1C(S[C@@H]2[C@@H]([C@@H]([C@H]21)C(=O)O)N)=O)N(C)c1ccc(O)cc1,0.3764977956709416
[C@@H]1(C(O)=O)N[C@H]([C@@H]([C@H]1c1ccc(O)cc1)NC(=O)[C@@H]1C(C)(C)N1C)C(=O)O,0.28366612255093276
c1cc(S(N[C@@H]2C3N(C([C@H](C(O)=O)[C@@]2(C)C(=O)N3)=O)[C@H](C)C)(=O)=O)ccc1O,0.4298339273256794
O=[N+]([O-])c1ccc(cc1)S(=O)(N[C@@H]1C(=O)N2[C@@H]([C@@H](C)O)C(=O)NC(=O)C21C)O,0.26498212842055074
NC([C@@H]1[C@@H]2C(=O)N([C@@H](C)[C@@H]2O)C(=O)[C@H]1NS(=O)(=O)c1ccc(O)cc1)=O,0.2625457477922741
c1c(ccc(c1)[C@@H]1NC([C@H](N2[C@@H]([C@@H]([C@@H](C)O)NC2=O)C)C1=O)=O)O,0.29829122328045937
c1cc(C(=O)NC2C(N([C@@H]3[C@H](O)[C@H]([C@H]32)C)S(=O)(=O)C)=O)ccc1C(N)=O,0.34811044067298813
O=C([C@@H]1[C@@H]([C@@H]([C@H](O)[C@@H]2N1C(=O)[C@@H](N2)C)NC(c1ccc(cc1)O)=O)C)O,0.19601359350378342
N1([C@@H]([C@H](S)[C@@H]2[C@@H]1C(N2)=O)C(=O)C(C)(NC(c1ccc(cc1)O)=O)C)O,0.3538251476838392
[C@@H]1(C(=O)N[C@H](C(N[C@@H]2C(=O)N(C)[C@@H](C)C2(O)C)=O)S1)c1ccc(cc1)O,0.23989853358371677
C(=O)(N[C@@H]1[C@@H](O)[C@@H]2[C@@H](C(=O)N2C(C)(C)C(N1)=O)O)c1ccc(S)cc1,0.26002039890518874
c1cc(ccc1O)[C@@H](C)NC(=O)[C@@]1(C)C(=O)N2C([C@H](N)[C@@H](O)[C@@H]21)=O,0.37952234335019724
c1(ccc(cc1)[C@@H]1C(N2C(C(C)([C@@H]([C@H]2O)O)C(=O)N[C@H](C)S1)=O)=O)N,0.32227244246660114
c1c(ccc(C(=O)N[C@@H]2C(N3[C@H](C(=O)N[C@@H]3[C@@H]2S)C(C)(C)O)=O)c1)O,0.21919364570684263
O=C([C@@H]1[C@H]([C@H]([C@@H](O)[C@@H]2N1C(=O)[C@@H](N2)C)C)NC(c1ccc(cc1)O)=O)O,0.16870622146363576
c1c(C(=O)N[C@@H]2C(=O)N3[C@@H]([C@@H]([C@H]([C@@H]3O)C)O)C(N2)=O)ccc(c1)C,0.28254509734784017
C1(=O)[C@@H]2[C@@H]([C@@H]([C@H](S2)C)C(=O)O)N1C(=O)NC(c1ccc(O)cc1)(N)C,0.32542969932430466
c1c(ccc(c1)[C@@H]1N2C(C([C@H](C1=O)N)(C(=O)O)NC2=O)SC(C)C)[PH](=O)(O)=O,0.43892539071569836
C1(=O)N(C(=O)N[C@H]([C@H]1c1ccc(O)cc1)[C@@H]1[C@@H]([C@@H]([C@H](O)C(N1)=O)C)C)O,0.26579073584078505
c1(ccc(cc1)S(=O)(=O)N[C@@H]1[C@H]([C@H](O)[C@@H]2N1C(=O)C2(C)C)C(=O)N)O,0.23157767943895083
C1(=O)N([C@@H]([C@@H](O)[C@H]1O)C)[C@@H]1[C@H]([C@@H](c2ccc(cc2)C)NC1=O)NC(=O)C,0.22306769417554778
c1cc(ccc1C(=O)N[C@@H]1C2N([C@H]([C@H](C)O)[C@@H]2S(=O)(=O)NC1=O)C)O,0.32369769669535464
C[C@@H](NC([C@@H]1[C@@H]([C@@H]2N1C([C@@H](O)C2=O)=O)O)=O)c1ccc(cc1)O,0.2532197101113663
c1c(ccc(c1)C(=O)NC([C@H]1N2C(=O)[C@H]([C@H](SC2=O)N)[C@H]1[C@H](O)C)(C)O)O,0.37284517777938353
c1cc(O)ccc1C(=O)N[C@@H]1C(NC([C@@H]2[C@@H](O)[C@@H](S)N(C)C1=O)(C)C2=O)=O,0.3635296030676677
C[C@@H]1[C@@H]([C@@H](C(=O)O)N2[C@@H]1SC(C)(C2=O)C(=O)NC)c1ccc(cc1)O,0.24056816962668104
N1(C([C@H]2[C@H]([C@H]1S(=O)(C)=O)[C@@H](C)C(=O)N2)=O)C(c1ccc(cc1)O)(C(N)=O)O,0.3068804451559451
O=C(N[C@@H]1[C@@H]([C@@H]([C@@H]2N1C(=O)[C@H](S2)C)C)C(N)=O)c1ccc(cc1)O,0.252674695192713
C1(=O)C([C@@H]2[C@@H]([C@H]([C@H]([C@@H](C)O2)N1C(=O)c1ccc(cc1)O)NC)C(N)=O)=O,0.34208042543159767
[C@@H]1(NC([C@H]2N1C(=O)[C@@H](S2)C)=O)[C@@H](NC(=O)c1ccc(O)cc1)C(C)(O)C(=O)O,0.24465859138885238
[C@@H]1([C@H]2[C@@H](C(=O)N1C([C@@H](NC(=O)C)C(=O)N)(S2)c1ccc(cc1)O)C)O,0.33612655048280715
c1(ccc(C(=O)NC([C@@H]2[C@@H]3[C@@H]([C@@H](S3)N2C(C)=O)C(N)=O)(C)O)cc1)O,0.3062692284805164
O=C(N[C@@H]1[C@@H]([C@@H](O)[C@H]2N(C1=O)[C@@H](C)C(N2)=O)c1ccc(O)cc1)C,0.28762655772832996
C1(N[C@H]2[C@H]([C@H]([C@@H]([C@@H](O2)O)N1C(=O)C(C)(C)N)c1ccc(cc1)O)C)=O,0.35196909504624946
[C@@H]1([C@@H](C(=O)O)N2[C@@H]([C@@H](O)[C@H]2C(=O)N1)C)NC(=O)c1ccc(C)cc1,0.29858766704282114
c1(ccc(NC(=O)[C@@H]2[C@@H]([C@@H]3SC(N)([C@@H](C(=O)O)N3C2=O)C)C)cc1)O,0.3424010354444982
O=C(N[C@H]1[C@@H]([C@H](O)[C@H]2S[C@@](C)(c3ccc(O)cc3)N(C)C(=O)N2)C1=O)C,0.3791840929638039
c1c(O)ccc(c1)[C@H]1N[C@H]([C@H]([C@@H]1S)C(=O)N)C(N1[C@@H](C)C1(C)C(=O)OC)=O,0.3768063205412348
O=C([C@@H]1[C@@H]([C@@H]2[C@H]([C@@H](O)[C@H](N2C(=O)c2ccc(cc2)O)C)C(N1)=O)C)N,0.19259633839010312
C1(=O)N([C@@H]([C@H](O)[C@H]1O)C(=O)N[C@@H](C)C(=O)N)[C@@H]1C(c2ccc(cc2)C)(S1)O,0.2139319549000705
C[C@@H]1[C@@H]([C@@H](C(O)=O)N2C(=O)[C@](SC12)(C)C(N)=O)NC(=O)c1ccc(O)cc1,0.32014470672075485
O=C(c1ccc(cc1)O)N[C@@H]1[C@@H]2[C@@H]([C@H]([C@@H]([C@H]1O)N2C(C)=O)C(=O)NC)C,0.2966633852803576
C[C@@H]1[C@@H]2[C@@H]([C@@H](O)[C@H](O)[C@@H]2N1C(NC)=O)C(=O)NC(=O)c1ccc(cc1)O,0.2870018114218133
C1(=O)[C@H](NC([C@@H]2N1[C@H](C(O)=O)[C@@H]([C@@H]2c1ccc(cc1)O)C)=O)N,0.28072956956422146
C1(=O)N2[C@@H]([C@H]([C@@H]([C@H]2S1)NC(=O)c1ccc(O)cc1)C)C(NC)(C(O)=O)C,0.27301328364507227
c1cc([C@@H]2[C@@H](C(=O)N3[C@@H](C(=O)O)[C@H]([C@H]32)NC(=O)C)N)ccc1O,0.314332178901147
O=C(N[C@H]1[C@@H]([C@H]2N(C(=O)[C@H](C)NC2=O)[C@H]1c1ccc(cc1)O)C)O,0.30239529145629773
O=C1[C@H](NC(=O)[C@@H]2[C@@H](O)[C@@H](O)[C@@H](C)N2C(=O)C)C(c2ccc(cc2)O)N1,0.23846357350793643
C1(=O)NC([C@H](O)[C@@H](C)N1C(=O)[C@@H]1[C@@H](C)[C@@H](c2ccc(O)cc2)N1)=O,0.317108993455607
c1c(ccc(c1)[C@@H]1[C@@H](C(=O)N2[C@H]([C@@H]([C@H]([C@H]21)O)O)C)C(=O)NC)C(=O)N,0.2666904494462615
C1(C([C@@H]([C@H](O)[C@@H](O)[C@@H]1N1C(=O)NC(C1=O)(C)C)Sc1ccc(cc1)O)=O)N,0.2778022201457381
c1cc(ccc1C(NC1C(=O)N2[C@@H]([C@@H](O)[C@@H](S2)C)[C@@H]1C(=O)N)=O)O,0.2544968695186511
O=C([C@@H]1[C@H]([C@H]([C@H](O)[C@@H](O)[C@H]1N1C(=O)NC1=O)C)c1ccc(cc1)O)NC,0.2015106881123422
O=C1N[C@H](C(N1[C@@H]1[C@H]([C@@H]([C@@H](N1)C)O)C(=O)O)=O)c1ccc(cc1)O,0.28048446933650006
O=S(=O)(c1ccc(cc1)C(O)[C@@H]1[C@H]([C@H]2N(C1=O)C(=O)[C@H](N2)C)C(=O)N)O,0.39124909448439577
N1([C@H]2[C@@H]([C@@H]([C@H]([C@H]2NC(=O)c2ccc(cc2)O)O)S1(=O)=O)C(N)=O)C(C)=O,0.2513021343702704
C1(C)([C@@H]2[C@H]([C@H](N1C([C@H](C)NC(=O)c1ccc(S)cc1)=O)C(N2)=O)O)O,0.3365431497095356
N[C@H](C(=O)O)[C@@H]1[C@H]([C@@H]2N1C([C@@H](S2(=O)=O)C)=O)NC(c1ccc(O)cc1)=O,0.3031948688845278
O=C([C@@H]1[C@H]([C@@H]([C@@H]2C(=O)N1[C@@H](C(=O)O)C)N[C@H](c1ccc(cc1)O)C2=O)C)N,0.30282144115059506
C[C@@H]1[C@H]([C@@H]([C@@H]2[C@@H]1C(=O)N2C)NC(=O)NC(c1ccc(cc1)O)=O)O,0.28812335056868016
c1(ccc(O)cc1)C(NC1([C@@H]2[C@H]([C@@H](C(=O)N2C)NC1=O)S(=O)(O)=O)C)=O,0.41793074495610594
C1(C(N[C@@H]2[C@@H]1SC([C@@]2(C)C)NC(=O)c1ccc(cc1)O)=O)N(C(=O)[O-])O,0.4104919608541988
O=C1N([C@@H]([C@@H](O)[C@@H]1O)C)C(=O)[C@@H]1C(C)(C(=O)N1)Sc1ccc(cc1)N,0.23577920737566266
c1(S(=O)(=O)NC([C@@H]2[C@@H]3[C@H]([C@@H](N3C(=O)C)C(=O)N2)O)(C)O)ccc(cc1)C(=O)N,0.22438655084221762
[C@@H]1(O)[C@@H]2[C@H](C)[C@@H]([C@H]1N(C2=O)C(NC(=O)C)=O)NC(O)c1ccc(O)cc1,0.43305364695727067
[C@H]1(C)N[C@@H]([C@H](O)[C@@H]1O)C(N[C@H]1C(N(C(C)(C1=O)c1ccc(cc1)O)C)=O)=O,0.25302076359254316
O=C1[C@@H]([C@@H](O)[C@H]([C@@H]2N1C([C@@H](O)[C@H]2C(=O)N)=O)NC(c1ccc(cc1)O)=O)C,0.2491072216332001
c1c(ccc(c1)O)[C@@H]1[C@@H]([C@H]([C@@H](C(=O)N2C(C)(C)SC2=O)N1)C(=O)O)N,0.2716980160973874
C(C([C@@H]1[C@@H]([C@@H]2[C@H]([C@H](N21)C(=O)O)NC(=O)C)O)=O)(N)c1ccc(cc1)C,0.38787877482187333
[C@@H]1(c2ccc(cc2)O)NC(N([C@@H]2[C@@H]([C@H]([C@H](O)[C@H]2NC(C)=O)C)O)C1=O)=O,0.2092454794618097
[C@@H]1(C(=O)O)NC(=O)[C@@H](N1[C@@H](C(=O)N[C@@H]1C(C)(S)C1c1ccc(O)cc1)C)C,0.42657905311219374
C[C@H]1[C@@H]([C@@H]([C@@H]2N1C(=O)[C@@H](NC(=O)C)C(=O)N2)c1ccc(cc1)OC)O,0.2558562906725321
c1(S(N[C@@H]2[C@@H](C)N3[C@@H]([C@H](C(O)=O)NC3=O)C2=O)(=O)=O)ccc(cc1)O,0.3431231680994416
[C@@H]1(N)[C@@H](Sc2ccc(O)cc2)[C@@H]2[C@H](C(N2C1=O)=O)NC(=O)C(C)(C)O,0.3007153198584772
N(C([C@@H]1[C@@H]2N(C(=O)[C@@H](O)[C@@H]2O)C(C)(C)S1)=O)C(=O)c1ccc(cc1)N,0.23309688259660424
c1cc(ccc1O)C(=O)N[C@H]1C(=O)N2[C@H](C)[C@@H]([C@@H]([C@H]2C)O)NC1=O,0.29679666029595875
C(N[C@@H]1C(=O)N[C@@H]2[C@@H]1S(=O)(=O)N(C)C2=O)(C(=O)O)(c1ccc(cc1)O)C,0.31536662747836064
O=C([C@H]1[C@H]([C@H]([C@H](C)N2C(=O)[C@@H]([C@@H]21)NC(=O)c1ccc(cc1)O)C)O)N,0.28510115425561866
O=C(N[C@@H]1C(=O)N2[C@@H]([C@H](O)[C@H](O)[C@H]2S1(=O)=O)C)c1ccc(cc1)C(C)N,0.18256176115529002
[C@@H]12[C@H](C(N([C@@H]([C@@H]2c2ccc(O)cc2)C(=O)O)C(N1)=O)=O)NC(C)(C)S,0.28671746781864255
C1(c2ccc(cc2)O)(C(=O)N(C(N1)=O)[C@H]1[C@H]([C@@H](O)[C@H]([C@H]1NC(=O)C)C)O)S,0.27286652254726124
C1(C(=O)N2[C@@H]([C@@H](O)[C@@H](O)[C@H]2S1(=O)=O)C)(C(=O)NC(c1ccc(cc1)C)N)C,0.23055133884795043
[C@@]12(C(=O)N([C@H](C(=O)O)C)[C@@H]([C@H]2c2ccc(O)cc2)C(=O)N1)NC(S)C,0.3364974116968999
c1(ccc(cc1)C(N[C@H]1[C@@H]([C@H]([C@@H]([C@@H]2N1C(=O)[C@H](O)C2=O)C)NC)O)=O)O,0.28223371319500273
O[C@@H]1[C@@H]2C(=O)N(C([C@@H](NC(=O)c3ccc(O)cc3)[C@@H]2S1(=O)=O)(C)C)N,0.26603462155306823
c1c(ccc(c1)[C@@H]1NC([C@H](N1C([C@@H]1[C@@H]([C@@H]([C@@H](O)O1)C)C)=O)C(=O)N)=O)O,0.2718868616158119
c1(ccc(cc1)O)[C@@H]1[C@H]([C@@H]2N(C(=O)[C@@H](NC(C)=O)[C@H]21)C(=O)NC)O,0.2282880708580912
C1([C@@H]([C@@H](C(=O)O)N2[C@@H]1[C@H]([C@H]2S)C(=O)Nc1ccc(cc1)O)NC(C)=O)=O,0.2747530297564001
C[C@@H]1[C@@H]([C@@H]2[C@@H]([C@@H](N2C(=O)c2ccc(cc2)O)C(=O)N1)C)C(=O)NO,0.2097455336298089
N1(C(=O)[C@@H]2[C@H](O)[C@@H]([C@@H](S2)C)C(=O)NC1(C)C(N)=O)c1ccc(O)cc1,0.29582598467259874
C1[C@H]2[C@@H]([C@@H](c3ccc(cc3)O)C(N2C([C@H](O)C)(C(=O)N1)C)=O)NS(=O)(=O)N,0.41043755290159073
O=[N+]([O-])c1ccc(cc1)S(N[C@@H]1[C@H](O)[C@H](C(=O)N2C(C(O)=O)(C)NC21)C)(=O)=O,0.26487291547633646
C([C@@H]1[C@@H](C(=O)O)N2[C@H](C(=O)N[C@H]1C(O)=O)[C@@H]2NC(C)=O)(c1ccc(O)cc1)C,0.31415988519252647
[C@@H]1(C(N[C@H](C(=O)N2[C@@H]([C@H]12)C)C(=O)O)=O)NC(c1ccc(cc1)O)(S)C,0.3890655260549834
c1cc(ccc1O)[C@@H]1NC(=O)[C@H]2N(C1=O)[C@H]([C@@H](O)[C@H]2NC(=O)C)C,0.3156437204291122
c1cc(ccc1[C@@H]1C(C(=O)O)(SC2C(C(=O)N12)NC([C@H](C)N)=O)[PH](=O)(=O)O)O,0.4213077499876441
c1c(ccc(O)c1)[C@@]1(NC(=O)[C@@H]2N1C([C@H](C(C)C)[C@H]2SC(N)=O)=O)O,0.26561532962412404
[C@@H]1([C@@H](C(=O)O)SC2(S1)C(=O)N(C(=O)N2)C(C)C)c1ccc(cc1)O,0.34762396643162397
C1([C@@H]([C@@H]([C@@H](O)[C@@H]2N1C(=O)[C@@H](NC2=O)c1ccc(cc1)O)C)NC)=O,0.20670210912078346
c1cc([C@@H]2[C@@H]([C@H]([C@H]3C(=O)N2C(=O)[C@@H]3O)NC(=O)[C@@H](N)C)O)ccc1C,0.2544532084465146
O=C1N[C@H]([C@H](O)[C@H]1c1ccc(cc1)O)[C@H]1SC(N(C(C)(C)C(N)=O)[C@H]1C)=O,0.32823070034122653
c1c(ccc(c1)C(=O)NC)S(N[C@@H]1C(=O)N(C(=O)[C@@H]2[C@@H]1C(O)([C@H]2O)C)C)(=O)=O,0.30752538140897157
c1c(ccc(c1)C(=O)N[C@@H]1C(=O)N2[C@@H]([C@H](O)[C@@H](O)[C@H]2C(N1)=O)C)C,0.2314997583083761
C([C@H]1[C@@H]([C@H](SC2(C)C(=O)NC(=O)N12)C(=O)N)c1ccc(cc1)O)(C)(O)P,0.46730268709821937
c1c(ccc(O)c1)[C@@H]1N2C([C@H](NC(=O)[C@@H](NC(C)=O)[C@@H]2SC1(C)C)O)=O,0.21176868087809333
[C@@H]1([C@H]([C@@H](N2C(=O)[C@@H](C2=O)NC(=O)[C@H](N1)c1ccc(O)cc1)C)O)C,0.3472505230983167
C1(=O)NC(=O)[C@@H](C(=O)N1[C@@H]1[C@@H](O)[C@@H](N[C@@H](C)[C@@H]1O)C)c1ccc(cc1)O,0.3946692334814289
C[C@@H]1[C@H]([C@@H]([C@H](N1C(=O)[C@@H]1C(=O)NC(=O)N1)c1ccc(O)cc1)O)C,0.23756676357534787
N[C@H]([C@@H](O)[C@@H]1SC(N([C@@H]1C(=O)NC1(C(=O)O)c2ccc(cc2)C1=O)C)=O)C,0.2890695210614585
[C@@H]1(C(O)=O)N2C([C@H](O)[C@H](NC([C@@H]2C)=O)[C@@H]1c1ccc(cc1)O)=O,0.2588763247335641
[C@@]12(C(NC)=O)N[C@H]([C@H](C)N2C([C@H]1SC(C)=O)=O)c1ccc(cc1)O,0.47013369047480724
c1c(ccc(c1)C([C@H]1N2[C@H](C(=O)O)[C@@H]([C@H](O)[C@H]2SC1=O)C)=O)NC(N)=O,0.26847287659751834
[C@@H]1(NC([C@H]2N1C(=O)[C@@H]([C@H]2S)C(=O)NC(C)(C)C(=O)O)=O)c1ccc(cc1)O,0.23754826119543748
[C@@H]1(C(O)=O)N2C([C@@H](C1=O)NC([C@@H](N)C)=O)C(S2)(c1ccc(cc1)O)[O-],0.33916940374424254
C1([C@@H]([C@@H](O)[C@@H]([C@@H]([C@@H]1N1C(=O)N[C@@H](C1=O)c1ccc(O)cc1)C)NC)C)=O,0.23651147802380976
[C@@]12(C(=O)N[C@@H](C)[C@H]2Sc2ccc(cc2)O)C(N(C(=O)[C@@H]1O)C)=O,0.337117511782925
C([C@@H]1[C@H]([C@H]([C@@H]2[C@@H](N12)C(=O)O)NC(=O)c1ccc(O)cc1)C)(=O)NC,0.2230429597140266
C1(=O)NC([C@@H]2[C@@H](C(=O)N2C)O)[C@@H]([C@@H](S1(=O)=O)NC(c1ccc(cc1)O)=O)C,0.2927537478194001
[C@@H]1(NC(=O)[C@@H]2[C@@H]([C@@H](N2C(=O)[C@@H]1O)C)C(=O)NC)c1ccc(O)cc1,0.23474997968295971
c1(ccc(cc1)O)[C@@H]1[C@@H]([C@@H]([C@@H](C)N1C([C@@H]1C(NC(=O)N1)=O)=O)O)C,0.22692661324365854
O=C1NC([C@@H]2[C@@H]([C@H](S)[C@@H](O)[C@H]2O)C(=O)N1c1ccc(cc1)C(=O)C)=O,0.26976594681582433
C1(=O)N([C@@H](C(=O)O)C(=O)N1)[C@H]1[C@H]([C@@H](NC1=O)[C@@H](c1ccc(O)cc1)C)C,0.3406587324451473
O[C@H]1[C@@H]([C@@H]([C@H](C)N2C(=O)[C@@H](O)[C@@H]21)NC(=O)c1ccc(cc1)O)NC(C)=O,0.25514045742591185
N(C(=O)[C@@H]1N2[C@H]([C@H]([C@@H]([C@H]2C1=O)O)NC(=O)c1ccc(cc1)SC)C)O,0.3495948334904436
C1([C@@H]([C@@H]([C@H]([C@@H](C)O1)O)N1C(=O)[C@@H](NC1=O)C)c1ccc(cc1)C(N)=O)=O,0.21529288200620866
C1(=O)N2[C@H](C(=O)N[C@H](C)[C@@H]2[C@@H](N1)C(=O)O)[C@H](c1ccc(cc1)O)C,0.30696283177653527
C(N[C@H]1[C@@H]2[C@@H]([C@H]([C@@H](O)[C@H]2N1C(=O)C)C)O)(=O)c1ccc(cc1)C(=O)N,0.24910699712198692
[C@@H]1(C(N[C@@H](C(=O)O)C)=O)[C@@H]2[C@@](C(N[C@@H]2c2ccc(O)cc2)=O)N1C,0.3229165003841757
C([C@@H]1[C@@H](O)[C@@H]2N(C(=O)[C@@H](N)C2(C)C)C(N1)=O)(=O)c1ccc(cc1)SO,0.29992612150909703
[C@@H]1(c2ccc(cc2)O)NC(=O)[C@@H](NC(=O)[C@@H]2N1C(=O)[C@@H]([C@H]2C)O)C,0.2567918784581086
c1c(ccc(S(=O)(=O)N)c1)[C@@]1(C)[C@@H]2[C@H]([C@H](C(=O)O)N1C(=O)C2NC(=O)C)O,0.25167164403531705
c1(C(N[C@H]2[C@@H]3[C@@H]([C@H](N3C(C)=O)[C@@H]2O)C(=O)NC)=O)ccc(cc1)O,0.31463547377340995
c1c(ccc(c1)[C@@H]1[C@H]([C@@H]([C@H](O)[C@H](O)[C@@H]1N1C(=O)NC(=O)NC1=O)C)C)O,0.20358185900829665
C1(N[C@@H]([C@H](N2C(=O)[C@@H](SC21)C(=O)N)[C@@H](O)C)c1ccc(O)cc1)=O,0.3375125562718489
c1c(ccc(O)c1)C(=O)N[C@@H]1C(N[C@H]2[C@@H]([C@@H](C(=O)O)N2C1=O)[Si](C)(C)C)=O,0.25286723949505585
O=C1N([C@H](C(=O)O)[C@@H]2[C@H]1[C@@H]([C@H]2NC(=O)c1ccc(O)cc1)NC)C,0.2868333650133664
c1cc([C@H]2[C@@H]3[C@@H](S2)C(=O)N3C([C@H](C(=O)NO)N)=O)ccc1O,0.42343825947477576
c1c(O)ccc(c1)[C@]1(NC([C@H]2N1C([C@@H](NC(=O)C)[C@H]2S)=O)=O)C(O)C,0.31211631499802384
c1c(ccc(O)c1)C(N[C@@H]1C(N2[C@@H]([C@@H]([C@@H]([C@H]1S2)C)C(=O)O)C)=O)=O,0.26412850836877305
[C@@H]1([C@@H]([C@@H]([C@@H](N1C(C)=O)O)C)O)NC(c1ccc(SC2(C(N2)=O)C)cc1)=O,0.3552524651692105
O=C(N[C@H]1[C@@H]([C@@H]([C@H]2N1C([C@@H]1C2=O)(C)C(=O)N1)O)c1ccc(O)cc1)C,0.31861777302898736
O=C([C@@H]1N2C(=O)[C@H]([C@@H](O)[C@H]2SC1(C)C)NC(=O)c1ccc(O)cc1)N,0.1888028315489263
N1[C@@H](C)[C@@H]([C@@H](C(O)=O)N2C(C(SC21)(C(=O)N)C)=O)c1ccc(S(=O)(=O)O)cc1,0.39960137296430187
C[C@H]1[C@@H]([C@@H]2[C@@H](C(=O)N2C(C)(C(=O)O)N1)c1ccc(cc1)O)SC(NC)=O,0.27721545875416903
c1cc(ccc1C(=O)N[C@@H]1[C@H]([C@H]([C@@H](O)[C@@H]1O)O)N1C(=O)[C@H](C)NC1=O)C,0.26134559261364265
[C@@H]1(c2ccc(cc2)O)C(NC(=O)N1[C@H]1[C@@H](SC(C)([C@@H]1C)O)C(=O)N)=O,0.2670744888659968
[C@@]1(C)([C@@H]2[C@H](C(=O)N2C(C(=O)NC)C)NC1=O)S[PH](=O)(=O)O,0.33471576853351315
C[C@@H]1[C@@]2([C@H](O)C(=O)N1C(=O)N[C@@H]([C@@H]2c1ccc(O)cc1)C(NC)=O)C,0.43706698425335766
c1c(S(=O)(=O)N)ccc(c1)C1(C)[C@H]2[C@H](N(C(=O)[C@H](O)[C@@H]2O)C)C(N1)=O,0.33946461845425313
c1([C@H]2[C@@H]([C@H]3N(C([C@@H](NC([C@@H]3O)=O)C)=O)[C@@H](N2)C)C(=O)O)ccc(O)cc1,0.29224796260795666
c1(ccc(cc1)[C@@]1(C(O)=O)N2C([C@@H](NC([C@H](C)NC)=O)[C@H]1S2)=O)C(O)=O,0.303549728502716
N[C@H](c1ccc(O)cc1)[C@H]1N2C([C@@H](NC(=O)C)[C@@H](S2(=O)=O)C1=O)(C)C(=O)O,0.3322613991843125
c1(ccc([C@@H]2[C@@H]3[C@@H](C(=O)N2C)NC([C@H](O)[C@H]3C(=O)O)=O)cc1)NC,0.23674287951420997
c1c(ccc(C([C@@H]2N3C(=O)[C@@H](C(O)=O)[C@@H]([C@@H]3[C@H]2S)NC(=O)C)=O)c1)O,0.3527520643659215
C1(=O)N(C([C@H]2[C@@H](S)[C@@H]([C@@H](O)[C@H]2O)C)(C)C(N1)=O)C(Nc1ccc(cc1)OC)=O,0.32386251579295544
[C@@H]1(C(=O)NC(C)(C)C(=O)N1[C@H]1[C@@H](c2ccc(O)cc2)[C@@H](O)SC1=O)N,0.2778784860840012
[C@@H]1([C@@H]([C@@H]([C@H]([C@H]1O)O)NC(=O)c1ccc(cc1)O)N1C(=O)NC(=O)C1=O)C,0.1710541396640839
O=C(c1ccc(cc1)O)[C@@H]1[C@@H]([C@H]([C@H](O)[C@@H]2N1C(=O)[C@H](NC2=O)C)N)C,0.2453021199566372
C1(=O)C(NC([C@H]2N1C([C@@H]([C@@H]2S)c1ccc(cc1)O)=O)(C)C)NC(=O)O,0.3963517786607678
C[C@H]1NC([C@]2([C@H]([C@H]1S(=O)(=O)c1ccc(O)cc1)NC(=O)N(C)C2=O)O)=O,0.3228643907509046
c1cc(O)ccc1C(N[C@@H]1C(=O)N2[C@H]([C@@H]([C@@H]([C@H]2S1)NC(=O)C)O)C)=O,0.1988886097846668
[C@@H]1([C@@H]([C@@H]2C(=O)N([C@@H]([C@@H]2S1)C)C(=O)c1ccc(O)cc1)O)NC(=O)C,0.30464683683659205
c1c(ccc(c1)O)C(=O)N[C@@H]1[C@@H]2C(=O)N(C([C@@H]2S[C@@H]1C(=O)N)=O)O,0.28090607207357204
C([C@@H]1[C@H]([C@@H]([C@@H]([C@@H]2N1C(NC2=O)=O)C)c1ccc(O)cc1)O)(=O)NC,0.23255535983776435
O=C(N[C@@H]1[C@H](C(=O)O)N2[C@@H]([C@@H](S2)c2ccc(O)cc2)C1=O)NC(C)(C)C,0.2599731685241691
C(N[C@H]1[C@@H]([C@@H]2[C@@H](C(=O)N2[C@@H]1c1ccc(cc1)O)C(=O)NC)O)(=O)C,0.23719016935377013
O=C([C@@H]1[C@@H]2[C@H]([C@H](N1C(=O)C)SC(c1ccc(O)cc1)(O)C)NC2=O)N,0.3713951995999335
C1(=O)N[C@H]([C@@H](C(=O)O)[C@@H]2[C@H](N(C)C(=O)N2)C)[C@@H](O)[C@@H]1c1ccc(O)cc1,0.344806494386108
c1cc(ccc1O)C1([C@H](C(=O)N2[C@@H]1[C@@H]([C@H](C2=O)NC(=O)C)N)S)O,0.3773633352500146
[C@@H]1(C(=O)N2[C@H]([C@@H](O)[C@H](O)[C@H]2S1(=O)=O)C)NC(=O)c1ccc(C(C)N)cc1,0.21726974024868867
C1(=O)N([C@H]([C@@H]([C@@H]1O)NC(=O)C)[C@@H]1[C@@H](c2ccc(cc2)O)NC1=O)C,0.25501853247087564
c1c(ccc(c1)C(=O)N[C@@H]1C(=O)N2[C@H]([C@H](O)[C@@H](O)[C@@H]2C)C(=O)N1)C,0.21102214626901725
c1c(ccc(C(N[C@@H]2[C@@H]3[C@H]([C@](C)(S2)N(C)C(=O)[C@@H]3C(=O)N)C)=O)c1)O,0.44523441522648854
C1([C@H]([C@@H]([C@@H]([C@@H](O)[C@@H]1O)NC(c1ccc(cc1)O)=O)N1C(NC1=O)=O)C)=O,0.1546030212028972
C1([C@@H](C(=O)N2[C@H]1SC(C)[C@@H]([C@@H]2c1ccc(cc1)O)NC(=O)C)N)=O,0.3480783483335997
CC(=O)N[C@H](C(=O)O)[C@@H]1C2(C(N([C@@H]([C@@H]2O)C)C(=O)N1)=O)c1ccc(S)cc1,0.39646097378750406
C1([C@@H](N)[C@H]([C@@H]([C@@H]2N1C(=O)[C@@H](NC(=O)c1ccc(O)cc1)[C@H]2C)O)C)=O,0.2685368601155883
c1cc([C@@H]2[C@H]3[C@H](C(=O)N2[C@H](C(O)=O)C)NC(S3)(C(=O)N)C)ccc1O,0.3414949412156653
[C@@H]1(C(O)=O)N2C(C(NC([C@@H](NC(c3ccc(S)cc3)=O)[C@@H]21)=O)(C)C)=O,0.4191589013272594
C[C@@H]1[C@@H]([C@@H]2[C@@H](N1C(=O)[C@H](O)[C@H]2C(=O)NC)C)NC(c1ccc(O)cc1)=O,0.2194424353363508
C1([C@@H]([C@H]2C(=O)N(C([C@@H]2S1)=O)C)NC(=O)[C@@H](N)c1ccc(O)cc1)(C)O,0.3311479526377086
c1c(ccc(C(N[C@@H]2[C@@H]3[C@@H]([C@@H]([C@@H](N3C(C)=O)C)O)NC2=O)=O)c1)O,0.26242834049660335
C[C@@H]1[C@@H](S)[C@@H]([C@@H]2N1C(=O)[C@](O)(O)C2=O)NC(c1ccc(cc1)NC)=O,0.35030632050374244
O=C1N[C@H](C(=O)N)[C@@H]2N1[C@H]([C@@H](S2)C(=O)O)C(c1ccc(cc1)O)(C)C,0.30054477942092944
C1(=O)[C@@H](c2ccc(cc2)O)[C@@H]([C@H](O)[C@@H]2N1C(C(C)(C)S2)=O)NC(=O)N,0.2832732384038387
c1c([C@@H]2C(N3[C@@H]([C@@H]([C@@H](O)[C@H](O)[C@H]3C)C(=O)N2)C(=O)N)=O)ccc(C)c1,0.2933773248761148
O=C(c1ccc(cc1)O)N[C@@H]1C(=O)N2[C@H]([C@H](O)[C@@H]([C@H]2S1)NC(=O)C)C,0.2172896864272486
C1(=O)[C@@H]([C@H]2N1C([C@@H](NC([C@H](C)N)=O)C)(S2)c1ccc(cc1)O)C(O)=O,0.27797647191284197
[C@@H]1(C(=O)N2[C@@H](C(=O)O)[C@H](S[C@@H]12)c1ccc(O)cc1)NC(=O)C(C)(C)N,0.2737094762437644
CC1([C@@H]2[C@@H](NC([C@@H]2C(=O)N1C)=O)C(=O)N[C@H](c1ccc(cc1)O)S)O,0.3062678112173437
C(=O)(C1[C@@H]([C@@H]2[C@@H](C(=O)N2[C@@H]1c1ccc(O)cc1)C(=O)N[C@H](C)O)N)C,0.40599978623125993
c1c(ccc(c1)S(=O)(N[C@@H]1[C@H]([C@H](O)[C@@H](C)N2C(=O)C(NC21C)=O)O)=O)C(=O)N,0.2803734767695359
c1c(ccc(c1)[C@H]1N[C@@H](C(=O)N)[C@@H]2N(C(=O)[C@@H](O)[C@@H]21)C(C)C)O,0.26100755224753613
O=C1N[C@@H](C(=O)N1[C@H]1[C@H](O)[C@@H]([C@@H]([C@H]1c1ccc(cc1)O)NC(=O)C)O)C,0.22126728815809674
c1([C@@H]2[C@@H]([C@@H](O)[C@H](O)[C@@H]2N2C([C@H](C)NC2=O)=O)NC(=O)C)ccc(O)cc1,0.25787610590676097
N1([C@@H]([C@H]([C@H](O)[C@@H]1C(=O)O)C)c1ccc(cc1)S(=O)(NC)=O)C([C@@H]1NC1=O)=O,0.30515617970811915
C([C@H]1[C@H](SC(N1[C@@H]1[C@@H](O)[C@@]1(C)C(=O)O)=O)NC(c1ccc(cc1)O)=O)(=O)NC,0.32942395133082447
[C@@H]1(c2ccc(cc2)O)N([C@H](C(=O)N[C@@H]2[C@@H]([C@H](NC2=O)C)C)S1)C(=O)O,0.2928000382915925
c1(ccc(cc1)C(=O)N[C@@H]1C(=O)N2[C@H]([C@H](O)[C@H](O)[C@H]2C)C(=O)N1)C,0.20927189994308903
C1([C@H]2[C@@H](C(=O)N2[C@@H](C(=O)O)[C@@H](SC)C(N1)=O)N)(c1ccc(O)cc1)C,0.3485138833333274
[C@@H]1(C(=O)O)[C@@H]2C(N[C@H](C(N2[C@@H]1c1ccc(O)cc1)=O)NS(=O)(=O)C)(C)C,0.29279990966791264
O=C1N[C@H]2[C@@H]([C@@H](C)N2[C@@H]1S(=O)(=O)c1ccc(cc1)O)C(=O)NC(C)(O)C(=O)O,0.2691701410750574
O=C1N([C@@H]([C@@H]([C@@H]1O)O)C(NC1(C(=O)N[C@H]1c1ccc(cc1)S(C)(=O)=O)C)=O)C,0.23083011061839714
c1cc(ccc1N1[C@H](C(=O)O)[C@H](C(O)=O)[C@H]([C@H]1S)NC(C)=O)C,0.3938078129755464
O=C1N[C@@H]2[C@@H]([C@@H]([C@@H]1S2(=O)=O)C(N(C(N)=O)C)(c1ccc(O)cc1)C)O,0.3326228760932136
c1c(ccc(c1)[C@@H]1[C@@H]([C@H](O)[C@@H]([C@@H](O)[C@@H]1N1C(=O)NC1=O)C)C)C(N)=O,0.21390114302254606
c1(ccc(cc1)O)C1[C@@H](N2C(=O)[C@H](NC(=O)[C@@H](N)C)[C@@H]([C@@H]21)C)C(=O)O,0.2970003213389223
c1c(ccc(c1)O)[C@@H]1N[C@H]([C@@H](NC(=O)[C@@H]2[C@H](O)[C@@H](N2C1=O)C)C(=O)O)C,0.3019466863659742
C1(C)(C(O)[C@H](NC(=O)[C@@H]2[C@@H](C(=O)N21)NC(=O)c1ccc(S(=O)(O)=O)cc1)C)[OH2+],0.308167552706158
c1(ccc(OC)cc1)[C@@]1([C@H](C(N)=O)N(C(=O)[C@@H]2[C@@H]1C(N2)=O)[C@H](C)O)S,0.4491820963692112
C1([C@@H]([C@@H]([C@H](S1)NC(c1ccc(cc1)O)=O)C)C)(C(=O)O)N1C([C@H](N)C1=O)=O,0.3173614828674049
C[C@@]1(C(=O)N[C@@H](C)[C@H]2[C@H]1S(=O)(=O)N(C)C(N2)=O)C(O)c1ccc(O)cc1,0.3108192457265216
O=C1N([C@@H]([C@@H](O)[C@@H]1O)C(N[C@@H](C(=O)N)c1ccc(cc1)SC)=O)C,0.2817909243488029
[C@@H]1(NC(=O)[C@@H]2N1C([C@@H](O)[C@H]([C@H]2c1ccc(O)cc1)NC(C)=O)=O)C,0.24595133258320104
c1([C@@]2(C(NC(C)C)=O)N3C([C@H](O)[C@H](O)[C@@H]3C(N2)=O)=O)ccc(S)cc1,0.3594699716805396
[C@@H]1(c2ccc(cc2)O)C(=O)N2C([C@H]([C@H]([C@H]1S2(=O)=O)NC(=O)N)O)(C)C,0.2990078948451505
O=C1C([C@@H](N2C([C@H](C)N[C@H]([C@@H]21)c1ccc(cc1)O)=O)C(=O)N[PH](O)(=O)=O)C,0.4165288138254796
C(=O)(c1ccc(cc1)O)N[C@@H]1C(N2[C@@H]([C@@H]([C@@H](O)[C@@H]2C(=O)N1)C)C)=O,0.24987654317339378
C1([C@H]2N(C([C@@H](O)[C@H]([C@@H]2N1)C(=O)NC(C)(C)C(=O)O)=O)c1ccc(S)cc1)=O,0.26931172662837205
c1c(ccc(c1)C([C@@H]1N2[C@@H]([C@H](C)NC([C@@H]2C(=O)O)=O)[C@H](O)[C@H]1C)=O)N,0.35337032547569547
C(C(=O)NC1C(N[C@H]2[C@H](C)N(C([C@@H]21)=O)[C@@H](c1ccc(cc1)O)[C@H](O)C)=O)(=O)O,0.3418776285479362
C1(C(N(C)[C@H]([C@@H]2[C@@H]([C@@H](O)[C@@H]([C@H]2O)O)C)C(=O)N1)=O)=O,0.36093730085369324
C[C@@H]1NC(=O)[C@@H]2N([C@@H]([C@@H](S2(=O)=O)c2ccc(O)cc2)C(=O)O)C1(C)C(=O)N,0.342111108775216
c1cc(ccc1O)[C@@H]1NC([C@H]2N(C([C@@H](O)[C@@H]2S1(=O)=O)=O)C(C)(C)C(=O)N)=O,0.21025724470808208
[C@@H]12N(C([C@H]([C@@H]1SC(C)(C)C(N2)=O)NC(=O)[C@@H](O)c1ccc(cc1)O)=O)C,0.28866425196337736
[C@H]1([C@@H]([C@@H]([C@H](O)[C@H](N1)C)O)NC([C@@H]1C(=O)N(C)C(=O)C1=O)=O)c1ccc(cc1)O,0.29164444629698777
C1(NC([C@@H]2[C@@H]([C@H](O)[C@H](O)[C@@H](C)N2C1=O)NC(=O)c1ccc(cc1)O)C)=O,0.2763288475984111
[C@@H]12N(C([C@H]([C@@H](C(=O)O)O)[C@@H]1C(N2)=O)=O)[C@@H](c1ccc(cc1)O)C,0.30410384173961824
c1(ccc(cc1)O)C1(N2[C@H]([C@H](NC(=O)[C@@H](NC)C)[C@H]2SC1=O)C(O)=O)C,0.35394788474817557
C1([C@@H]([C@@H]([C@@H](O)[C@H](O)[C@H]1C)N1C(=O)NC(=O)[C@H]1c1ccc(cc1)O)C)=O,0.25757756495921075
C1(=O)N([C@@H]([C@@H](O)[C@H]1NC(=O)[C@@H]1[C@H](c2ccc(cc2)C)NC(=O)[C@H]1O)C)O,0.25266079125018853
c1cc(ccc1O)[C@@H]1N2C(=O)[C@@H](C(C)(C)C(=O)O)[C@H]([C@H]1SC2=O)N,0.2926296092035678
c1cc(ccc1S(=O)(=O)N)N1C([C@@H]([C@@H]([C@@H]1C(=O)NC)O)[C@H](C)C(=O)O)=O,0.26454219114222394
[C@@H]1(C(=O)N[C@@H]2[C@@H](S)NC(=O)[C@@H](O)C2=O)N(C(C)(C)O)[C@@H]1c1ccc(cc1)OC,0.2809532691689224
[C@@H]1(NC([C@@H]2[C@@H](C(=O)N2[C@@H]1c1ccc(cc1)O)S(=O)(=O)C)=O)C(NC)=O,0.21377775602081686
S(=O)(N[C@@]1(C(N1[C@@H](C(=O)O)[C@H](O)[C@@H](N)C)=O)c1ccc(cc1)C)(C)=O,0.44647360416892506
O=C1[C@](C(C(=O)N1[C@@H]1[C@H]([C@@H]([C@H]([C@H]1c1ccc(cc1)O)NC(=O)C)N)C)O)O,0.42508743726641796
c1cc(ccc1O)[C@@H]1N2[C@H]([C@H](S)C(C)(O)C)[C@@H](C2=O)NC1=O,0.42447914709144335
[C@H]1(c2ccc(cc2)O)NC([C@H]2[C@@H]([C@@H](N2C(=O)[C@@H](N)C)C)C(=O)O)S1(=O)=O,0.30530054411641133
O=C([C@@H]1[C@@H]([C@@H]([C@@H](O)[C@H]2N1C(=O)[C@@H]2NC(c1ccc(O)cc1)=O)C)C)N,0.1754416750950832
[C@@H]1(NC([C@H]2N1C(=O)[C@@H](C(O)(C)C)[C@H]2Sc1ccc(O)cc1)=O)C(N)=O,0.22634627119819317
O=C1N[C@H](C(N[C@@H]2[C@@H]([C@@H](O)[C@H](O)[C@@H]2c2ccc(cc2)O)C)=O)C(=O)N1C,0.2156505117494203
O=C1[C@@H]([C@H](N2[C@H]([C@@H](O)[C@@H](O)[C@@H]21)C(=O)NC)C)C(Nc1ccc(C)cc1)=O,0.3019407069354276
c1(ccc(S(=O)(=O)N)cc1)[C@@H]1[C@@H]2[C@@H](C([C@H](C)O)(N1)C(=O)N2C)C(=O)O,0.38258880602873563
C[C@@H]([C@@H]1[C@@H]([C@@H]2[C@@H](C(=O)N2C(=O)N1)NC(=O)c1ccc(O)cc1)C)O,0.23934439195110946
[C@@H]1(C)NC(N([C@H]([C@@H]2[C@@H]1S(=O)(=O)C2(N)C(=O)O)C)C(=O)c1ccc(O)cc1)=O,0.31434116129391937
O=[N+](c1ccc(cc1)[C@@H]1[C@H](C(=O)N2[C@H](C(=O)NC(C)C)[C@@H](O)[C@@H]21)O)N,0.2530785445833966
c1c(ccc(c1)[C@]1(C(=O)NC([C@@H]2[C@H](S)[C@@H](O)C(=O)N21)=O)NC(C)C)O,0.3111375436402365
[C@@H]12NC(=O)[C@@H](N2C([C@H](N)[C@@H]1c1ccc(cc1)O)=O)C(=O)O[C@@H](C)C,0.3040269368209777
c1c(ccc(O)c1)C(NC1C(=O)N2[C@@H]([C@H]1SC2(C)C)[C@H](C(=O)O)N)=O,0.28132816568551644
O=C(N[C@@H]1[C@@H]([C@H]2[C@H](C(=O)N2C1=O)NC(c1ccc(cc1)O)(S)C)C)O,0.23984646328665413
c1cc(ccc1[C@@]1(C(NC([C@@H]2N1C(=O)[C@H](N)[C@H]2C(O)=O)=O)C)O)SC,0.3487684719342077
C1(N[C@H]([C@@H]([C@@H]1O)c1ccc(cc1)O)C(NC1C(N(C)[SH+]1(=O)=O)=O)=O)(C)C,0.3970876961040544
OC(NC1[C@H]2[C@@H](SC(N2[C@H]1c1ccc(O)cc1)=O)[C@@H](C(N)=O)C)=O,0.45599928106285614
O=C1N[C@@H]2[C@H]([C@@H]([C@H](O)[C@@H]2N1C(=O)C)NC(=O)c1ccc(cc1)O)C,0.20221789167321777
O=[PH](=O)(O)[C@@H]1NC([C@@H]2N(C([C@H](O)[C@@H]21)=O)C(C)c1ccc(O)cc1)=O,0.3489978797466816
O=C(c1ccc(cc1)[C@@H]1N2[C@@H]([C@H](O)[C@H](O)[C@@H]2C(=O)NC1=O)C)NC,0.29107922225263744
[C@@H]1(C(=O)O)[C@@H]([C@@H]2NC(=O)[C@@H](N2C1=O)C(C)(Sc1ccc(cc1)O)C)N,0.30811304396408684
[C@@H]1(S)C(N[C@@H](C(=O)N)C)(C(=O)N1[C@@H]1C(=O)[C@H](c2ccc(O)cc2)O1)C,0.36101703756972625
N1[C@H](C(=O)O)[C@H]([C@@H]([C@@H]1c1ccc(O)cc1)N1C(C(C)(SC1=O)C)=O)N,0.22322029362901982
[C@@H]1(C)N2[C@@H]([C@@H](NC([C@@H](N)C)=O)C2=O)[C@@H](S1(=O)=O)C(c1ccc(cc1)O)O,0.32856168931958063
c1cc(ccc1O)C1[C@@H]2[C@@H](N1C(C(C)(NC(=O)[C@@H](O)C)[C@H]2S)=O)C(=O)N,0.3777851047569481
C(C)([C@H]1N2C([C@@H]([C@H](O)[C@H]2SC1(C(=O)NC)N)c1ccc(cc1)O)=O)=O,0.34661937461000497
c1c(C(=O)NC2[C@@H]3[C@@H]([C@H]([C@@H](N3C(=O)[C@@H]2N)C)C(=O)O)O)ccc(c1)C,0.25140259455547814
O=C1N([C@@H]2[C@H]([C@@H]([C@@H](O)[C@]2(C(=O)O)N1)C)C(=O)Nc1ccc(cc1)SC)C,0.34537491516092944
N([C@H]([C@@H]1[C@H]([C@@H]([C@@H](C)O1)O)C)C(N)=O)C1(c2ccc(cc2)S)N(C1=O)C(=O)[O-],0.2860401504246654
[C@@H]1(C(N)=O)[C@H]2[C@@H](C(N1C(C)(C)C(=O)O)=O)N[C@@H](c1ccc(O)cc1)S2,0.3041639238527437
c1c(ccc(C(N[C@@H]2[C@H]([C@H]3[C@H](O)[C@@H](C)N3C2=O)C(=O)NC)=O)c1)O,0.2706558963907558
O=C1N[C@@H]2[C@@H]([C@H]([C@@H](C(O)=O)N2C(=O)[C@@H]1O)NC(=O)c1ccc(cc1)O)C,0.2614374155166983
c1(ccc(O)cc1)[C@@H](NC([C@@H]1N2C(=O)[C@H](C(C)(C)C2=O)N[C@@H]1S)=O)O,0.24228039585179398
c1(ccc(cc1)S(=O)(=O)[C@@H]1[C@H]([C@@H]2C(=O)N(C(C)(C)C(=O)N2)[C@@H]1C(=O)N)O)O,0.2728557563027204
C([C@@H]1[C@H]([C@@H](O)[C@@H]([C@@H]1c1ccc(O)cc1)NC(=O)C)N1C(=O)NC1=O)(C)=O,0.23910911192875092
c1(ccc(cc1)C(=O)N[C@@H]1C(N2[C@@H]([C@@H](O)[C@@H](O)[C@@H]2C)C1=O)=O)SC,0.20389599171089712
CC(C1(O)[C@H](N2C([C@@H](c3ccc(cc3)O)NC2=O)=O)[C@H](SC1=O)C)[NH3+],0.4945444133053279
CC(C)([C@@H]1C(=O)N2[C@H](C(=O)N[C@@H]21)[C@@H](Sc1ccc(cc1)O)C(N)=O)O,0.3098250279406867
c1(ccc(cc1)O)[C@@H]1[C@H](C)S[C@H]([C@H](C(=O)O)N1C)C(NC1(C)NC1=O)=O,0.38442563004009817
O=C([C@@H]1[C@@H](c2ccc(O)cc2)[C@@H]([C@H]2N1C(=O)[C@H](N2)C(=O)O)NC)C,0.32809161583930135
c1(ccc(cc1)O)[C@@H]1C(=O)N2[C@@H]1[C@@H]([C@H](NC(C)=O)[C@H]2C(NC)=O)O,0.3196847445650383
CC(C(=O)NC1[C@H]([C@@H]([C@@H]([C@@H]1O)O)N1C(NC(=O)S1(=O)=O)=O)c1ccc(cc1)O)[OH2+],0.309750138635965
S(=O)(N[C@@H]1[C@@H](O)[C@@H]2N(C([C@H](C2=O)N)=O)C1=O)(c1ccc(cc1)O)(C)C,0.296226976414297
c1c(ccc(O)c1)[C@@H]1[C@@H]([C@H]([C@@H]2C(=O)N1[C@@H](C)C(N2)=O)O)NC(=O)C,0.27786186088842696
[C@@H]1(C)NC(=O)[C@@H](O)[C@H](N2[C@H]1[C@@H](NC(=O)c1ccc(O)cc1)C2=O)C,0.33251642801978337
C(N[C@H](C(=O)O)C)(=O)[C@@]1([C@H]2[C@H](C(=O)N2[C@@H]1c1ccc(cc1)O)NC)C,0.3002469488874573
O=C(C1[C@H]([C@@H]([C@@H](C)C)[C@@H]2C(N1[C@H](C(=O)O)N2)=O)c1ccc(cc1)O)N,0.3862147134181121
C1(=O)N2[C@H](C(=O)O)[C@@H]([C@@H](O)[C@@H]2SC1(C)C)NC(=O)c1ccc(cc1)N,0.2055216462139157
c1c(ccc(c1)O)[C@@]1([C@H]([C@@H](O)[C@H](N2C(=O)[C@H](NC(=O)C)C2=O)NC1=O)C)S,0.28926242226510396
O=C([C@@H]1[C@H]([C@@H]([C@@H]2[C@H](O)[C@H](O)N12)C)NC(=O)c1ccc(cc1)O)NC(=O)C,0.2706866352128365
C1([C@@H]([C@@H]([C@@H](O)[C@@H]2[C@H]1N2C(=O)[C@@H](c1ccc(cc1)O)NC(=O)C)C)NC)=O,0.2410488640301668
C1(=O)N2[C@H]([C@H]([C@@H](C(=O)N)C2=O)N[C@@H](C)[C@@H]1O)c1ccc(cc1)O,0.3390392687766345
c1cc(ccc1S(=O)(=O)N)[C@@H]1[C@@H]([C@@H]([C@@H]2C(=O)N(C(=O)N2)C)C(C)(C)O1)O,0.22477002225378112
c1(ccc(O)cc1)C1[C@@H]2[C@H]([C@H](N1C([C@H](C)NC(=O)[C@@H](N)C)=O)C(O2)=O)S,0.2986368696597443
N1([C@H]([C@@H]([C@@H]([C@H]1S)C)C(=O)O)C)C(=O)[C@@H]1C(NC(=O)N1)=O,0.25474083233832695
[C@@H]1(C(N[C@H]2[C@@H]([C@@H]([C@H](O)[C@@H]2N1C(=O)C)NC(=O)c1ccc(cc1)O)C)=O)O,0.2532470121570837
O=C(c1ccc(cc1)O)N[C@@H]1[C@@H]2N(C([C@H](NC(=O)C)[C@H]2S)=O)[C@@H](C)C1(O)C,0.2804006556428164
C[C@@H]1[C@@H]([C@@H](O)[C@@H]([C@@H]2N1C(=O)C2NC(=O)c1ccc(cc1)O)C)NC(C)=O,0.264753387882803
C[C@@H]1[C@H]([C@H]([C@@H]2[C@H](N1C(=O)c1ccc(cc1)O)C(=O)NC2=O)O)NC,0.24871464790611764
c1cc(ccc1[C@@H]1NC([C@H]([C@H]([C@@H]1N1C([C@@H](O)[C@H]1C(=O)N)=O)O)C)=O)C,0.28991083933986284
c1cc(ccc1C(=O)NC1[C@@H]([C@H]([C@@H]2N1C([C@@H](O)[C@H]2C(=O)O)=O)C)NC)O,0.24279039310221912
O=[N+]([O-])c1ccc(C(N[C@@H]2C(=O)N3[C@@H]([C@@H](SC23)C(O)(C)C)C(=O)N)=O)cc1,0.28204189550706343
O=C(c1ccc(cc1)O)[C@@H]1[C@@H]([C@@H]2N1C(C(=O)NC)S2)NC(C)(C(=O)O)[PH](=O)(=O)O,0.36062644528090654
C1(N[C@@H]([C@H](O)[C@@H]([C@@H]2N1C(=O)[C@@H](C)NC2=O)C)c1ccc(O)cc1)=O,0.271512307217287
c1cc(ccc1O)[C@@H]1N2C(=O)[C@@H](NC([C@H]([C@@H]2C)C)=O)[C@@H]([C@@H]1O)C(O)=O,0.3123303146360182
CC([C@@H]1[C@@H]([C@H](N2C(=O)[C@H](NC2=O)C)C(=O)N1)Sc1ccc(O)cc1)(O)[O-],0.3048819298690281
O=C1N[C@H]2[C@H]([C@@H](O)[C@H](N2C(=O)[C@@H]1c1ccc(cc1)O)C(=O)NC)C,0.20930782484626612
O=C(N[C@@H]1[C@@H]([C@@H](C)O)[C@@H]2[C@@H]([C@H](N2C1=O)C)NC(=O)c1ccc(O)cc1)C,0.24300347762243601
C1(NC([C@@H]2[C@H]([C@@H](N2C(=O)c2ccc(cc2)O)C([O-])=O)O)[C@@H]([C@H]1NC)C)=O,0.37708770529103985
O=C([C@@H]1[C@@H]([C@@H]([C@@H]2N1C(=O)[C@H](C)NC2=O)c1ccc(cc1)OC)N)O,0.2502619106654801
C1(C(N[C@H]2[C@@H]([C@H]([C@@H](O)[C@@H]2O)NC(c2ccc(cc2)O)=O)N1C)=O)=O,0.2896074083649314
c1c(ccc(c1)C(N)=O)[C@@H]1[C@@H](O)[C@H](N2C([C@@H](NC(=O)C)[C@@H]21)=O)C(O)C,0.27614783215860395
O=S([C@@H]1[C@H](O)[C@@H](C)N([C@H]1c1ccc(O)cc1)C(=O)C)([C@H]1C(NC(N1)=O)=O)=O,0.4285477067859154
O=C([C@@H]1C(=O)N2[C@H]([C@H]([C@@H]([C@H]2O)O)C)C(N1)=O)N[C@H](C)c1ccc(cc1)O,0.2576238459207643
C1([C@@H]([C@@H]([C@H]([C@H](O)[C@H]1N)O)O)NC(=O)c1ccc(cc1)N1C(=O)SC1=O)(C)C,0.2847378838010749
N1C([C@](N([C@@H]([C@H]1c1ccc(cc1)O)C(=O)O)C(=O)[C@@H]1[C@H](SC(N1)=O)C)C)=O,0.33673807499180264
[C@@H]1([C@@H]([C@@H]([C@H](O)[C@H]1NC(=O)c1ccc(O)cc1)C)N1C(NC(C1=O)=O)=O)C,0.19521709540745522
c1c([C@@H]2N3C([C@@H]([C@H](C(=O)N[C@@H]3C(=O)N[C@H]2C(=O)O)C)C)O)ccc(c1)O,0.32565605948779097
[C@H]1(N2[C@H](C(=O)O)[C@@H]([C@@H]([C@@H]2C1=O)NC(=O)c1ccc(cc1)O)NC)C,0.23866267050459236
C1(C)(C(=O)N(C)[C@H]2[C@H]([C@@H]([C@H]2N1)S(=O)(=O)c1ccc(O)cc1)NC(=O)C)O,0.35116222142335635
O=C([C@@H]1[C@@H]([C@@H]([C@@H]([C@H](O)[C@@H]1C)NC(=O)c1ccc(O)cc1)N1C(NC1=O)=O)C)O,0.2278883276066716
[C@@H]1(C)NC(N([C@H]([C@H]1O)C(N[C@H]1[C@@H](c2ccc(cc2)O)C1=O)=O)C)=O,0.3070508547673898
c1cc([C@H]2[C@@H](C(=O)N3[C@H]([C@@H]([C@H]([C@H]32)O)C(NC)=O)C)O)ccc1NC(=O)C,0.33352892574209936
c1c([C@@H]2[C@@H]3SC([C@@H](C(=O)N)N3C([C@H](NC2=O)C)=O)(C)O)ccc(O)c1,0.30391052995788054
C([C@H]1[C@@H]([C@H](O)[C@@H]([C@H]([C@@H]1O)NC(=O)C)N1C(=O)NC1=O)c1ccc(O)cc1)(=O)C,0.23996217780658755
c1(ccc(cc1)S(=O)(=O)N)C(NC1[C@H](C)N(C(=O)[C@@H]2[C@@H]1[C@H]2O)C)=O,0.3942235505497461
N1[C@H]([C@@H](S)C(=O)N2[C@@H](C(=O)O)[C@@H]([C@@H]12)C(NC)=O)c1ccc(cc1)O,0.340358579205275
c1cc(ccc1[C@@]1(C(N[C@@H]2[C@@H](C(=O)N2C)NC(=O)[C@@H]1S)=O)O)C(C)O,0.2800738166147845
C[C@@H]1[C@@H]([C@H]([C@@H](C(=O)O)N2C1(C(=O)NC2=O)C)NS)c1ccc(cc1)O,0.25138188661037997
c1(ccc(cc1)[C@@H](NC(O)=O)[C@@H]1N2C(=O)[C@@H](SC2C1(C)C)C(=O)N)O,0.3708029521514549
c1cc(ccc1O)C(NC1[C@@H]2[C@@H]([C@@H]([C@@H]([C@H]2N1C(=O)C)O)NC(C)=O)O)=O,0.224618016490622
C[C@@H]([C@@H]1[C@@H]([C@H]2N(C(=O)[C@@H](N2)C)C(=O)N1)c1ccc(cc1)O)C(=O)O,0.2347522144537485
c1cc(C(=O)N[C@@H]2C(N[C@@H]3[C@@H]([C@@H](S3)C(=O)O)C)(C(=O)N2C)C)ccc1O,0.25766242194319094
O=C1N[C@@H]([C@@H](O)[C@H]2[C@@H]1N(C(=O)[C@H]2c1ccc(cc1)O)C(=O)N)C(C)C,0.27367400060705926
C[C@@H]1C(N2[C@@H]([C@@H](C)O)[C@@H](S2)C(=O)NC1(C(=O)N)c1ccc(cc1)O)=O,0.28136808045147116
O=S(=O)(N[C@@H]1[C@H]([C@H]([C@@H]2C(=O)N(C(N2)=O)C)C(c2ccc(cc2)O)(C)C1=O)O)C,0.25121222241976315
C1(N[C@@H]2[C@@H]([C@H]([C@H](O)[C@H](N2C1=O)C(=O)NC)C)c1ccc(cc1)O)=O,0.25123899956654155
O=C([C@@H]1[C@@H]2[C@@H]([C@H]([C@H]([C@@H]2O)O)N1C(=O)c1ccc(cc1)C(NC)=O)C)N,0.2800303757569114
C[C@@H]([C@@H]1C(=O)N2[C@@H]([C@@H]([C@@H](O)[C@H]21)O)C)C(=O)NC(N)=O,0.31695393834171354
O=C1C(C)(N2C(=O)[C@@H]([C@@H]([C@@H]2O)O)NC(=O)[C@H]1Sc1ccc(cc1)N)C,0.3377800086131536
c1([C@H]2NC(=O)[C@H]3N(C([C@H](O)[C@@H]3S2(=O)=O)=O)C(C)(C)C(=O)N)ccc(O)cc1,0.2362417619772964
CC(C)(C(N[C@H]1[C@H]([C@@H]2C(N([C@@H]1S2)C(c1ccc(cc1)O)=O)=O)N)=O)O,0.392700269928942
c1cc([C@@]2([C@H]([C@H]3N(C(N[C@@H]3[C@H](S2)C(=O)O)=O)C(C)=O)C)O)ccc1N,0.36130656470408734
[C@@H]1(C(=O)N[C@@H]2C1(C(O)=O)N(C(=O)[C@H]2c1ccc(cc1)O)C)N[S+](C)(=O)C,0.441044399227754
O=C(N[C@@H]1[C@H](O)[C@@H]2[C@@H](O)[C@H](N2C1=O)C(=O)N)c1ccc(cc1)SC,0.25921001422836565
CN([C@@H]1[C@@H]([C@@H]([C@@H](NC(=O)c2ccc(O)cc2)C(=O)N1)C(=O)O)SC)[C@@H](C)C,0.3612123601199552
C1([C@@]([C@@H]([C@@H](O)[C@@H]([C@@H]1NC(=O)c1ccc(cc1)O)N1C(=O)NC1=O)C)O)=O,0.23558643561722395
O=C1NC([C@H](O)[C@@H](N1C([C@@H]1[C@H]([C@@H]([C@@H](O)C)C(=O)N1)C)=O)O)=O,0.32660128963557933
O=C([C@@H]1[C@@H]2N([C@@H](C(N2)=O)[C@@H]1S)C(=O)N[C@H](C)c1ccc(cc1)O)C,0.3109111349025542
C1([C@@H](C)[C@@H]2[C@@H]([C@H](O)[C@@H](N2C(=O)[C@@H]1O)NC(c1ccc(cc1)O)=O)C)=O,0.24204988125128485
